solid Mesh
  facet normal -0.976621 -0.214971 0
    outer loop
      vertex 0.289034 0.097387 0
      vertex 0.303212 0.0329763 0
      vertex 0.303212 0.0329763 3.89
    endloop
  endfacet
  facet normal -0.998533 -0.0541384 0
    outer loop
      vertex 0.303212 0.0329763 0
      vertex 0.305 1.12055e-16 0
      vertex 0.303212 0.0329763 3.89
    endloop
  endfacet
  facet normal -1 0 -0.000459616
    outer loop
      vertex 0.303212 0.0329763 3.89
      vertex 0.305 1.12055e-16 0
      vertex 0.303212 -0.0329763 3.89
    endloop
  endfacet
  facet normal -0.998533 0.0541384 0
    outer loop
      vertex 0.305 1.12055e-16 0
      vertex 0.303212 -0.0329763 0
      vertex 0.303212 -0.0329763 3.89
    endloop
  endfacet
  facet normal -0.976621 0.214971 0
    outer loop
      vertex 0.303212 -0.0329763 3.89
      vertex 0.303212 -0.0329763 0
      vertex 0.289034 -0.097387 3.89
    endloop
  endfacet
  facet normal -0.976621 0.214971 0
    outer loop
      vertex 0.303212 -0.0329763 0
      vertex 0.289034 -0.097387 0
      vertex 0.289034 -0.097387 3.89
    endloop
  endfacet
  facet normal -0.907575 0.419889 0
    outer loop
      vertex 0.289034 -0.097387 3.89
      vertex 0.289034 -0.097387 0
      vertex 0.261341 -0.157244 3.89
    endloop
  endfacet
  facet normal -0.907575 0.419889 0
    outer loop
      vertex 0.289034 -0.097387 0
      vertex 0.261341 -0.157244 0
      vertex 0.261341 -0.157244 3.89
    endloop
  endfacet
  facet normal -0.796093 0.605174 0
    outer loop
      vertex 0.261341 -0.157244 3.89
      vertex 0.261341 -0.157244 0
      vertex 0.221429 -0.209748 3.89
    endloop
  endfacet
  facet normal -0.796093 0.605174 0
    outer loop
      vertex 0.261341 -0.157244 0
      vertex 0.221429 -0.209748 0
      vertex 0.221429 -0.209748 3.89
    endloop
  endfacet
  facet normal -0.647386 0.762162 0
    outer loop
      vertex 0.221429 -0.209748 3.89
      vertex 0.221429 -0.209748 0
      vertex 0.171162 -0.252445 3.89
    endloop
  endfacet
  facet normal -0.647386 0.762162 0
    outer loop
      vertex 0.221429 -0.209748 0
      vertex 0.171162 -0.252445 0
      vertex 0.171162 -0.252445 3.89
    endloop
  endfacet
  facet normal -0.468409 0.883512 0
    outer loop
      vertex 0.171162 -0.252445 3.89
      vertex 0.171162 -0.252445 0
      vertex 0.112892 -0.283338 3.89
    endloop
  endfacet
  facet normal -0.468409 0.883512 0
    outer loop
      vertex 0.171162 -0.252445 0
      vertex 0.112892 -0.283338 0
      vertex 0.112892 -0.283338 3.89
    endloop
  endfacet
  facet normal -0.267528 0.96355 0
    outer loop
      vertex 0.112892 -0.283338 3.89
      vertex 0.112892 -0.283338 0
      vertex 0.0493435 -0.300982 3.89
    endloop
  endfacet
  facet normal -0.267528 0.96355 0
    outer loop
      vertex 0.112892 -0.283338 0
      vertex 0.0493435 -0.300982 0
      vertex 0.0493435 -0.300982 3.89
    endloop
  endfacet
  facet normal -0.0541388 0.998533 0
    outer loop
      vertex 0.0493435 -0.300982 3.89
      vertex 0.0493435 -0.300982 0
      vertex -0.0165124 -0.304553 3.89
    endloop
  endfacet
  facet normal -0.0541388 0.998533 0
    outer loop
      vertex 0.0493435 -0.300982 0
      vertex -0.0165124 -0.304553 0
      vertex -0.0165124 -0.304553 3.89
    endloop
  endfacet
  facet normal 0.161782 0.986827 0
    outer loop
      vertex -0.0165124 -0.304553 3.89
      vertex -0.0165124 -0.304553 0
      vertex -0.0815961 -0.293883 3.89
    endloop
  endfacet
  facet normal 0.161782 0.986827 0
    outer loop
      vertex -0.0165124 -0.304553 0
      vertex -0.0815961 -0.293883 0
      vertex -0.0815961 -0.293883 3.89
    endloop
  endfacet
  facet normal 0.370138 0.928977 0
    outer loop
      vertex -0.0815961 -0.293883 3.89
      vertex -0.0815961 -0.293883 0
      vertex -0.142865 -0.269471 3.89
    endloop
  endfacet
  facet normal 0.370138 0.928977 0
    outer loop
      vertex -0.0815961 -0.293883 0
      vertex -0.142865 -0.269471 0
      vertex -0.142865 -0.269471 3.89
    endloop
  endfacet
  facet normal 0.561187 0.827689 0
    outer loop
      vertex -0.142865 -0.269471 3.89
      vertex -0.142865 -0.269471 0
      vertex -0.197453 -0.232459 3.89
    endloop
  endfacet
  facet normal 0.561187 0.827689 0
    outer loop
      vertex -0.142865 -0.269471 0
      vertex -0.197453 -0.232459 0
      vertex -0.197453 -0.232459 3.89
    endloop
  endfacet
  facet normal 0.725995 0.6877 0
    outer loop
      vertex -0.197453 -0.232459 3.89
      vertex -0.197453 -0.232459 0
      vertex -0.242808 -0.184578 3.89
    endloop
  endfacet
  facet normal 0.725995 0.6877 0
    outer loop
      vertex -0.197453 -0.232459 0
      vertex -0.242808 -0.184578 0
      vertex -0.242808 -0.184578 3.89
    endloop
  endfacet
  facet normal 0.856857 0.515554 0
    outer loop
      vertex -0.242808 -0.184578 3.89
      vertex -0.242808 -0.184578 0
      vertex -0.276811 -0.128066 3.89
    endloop
  endfacet
  facet normal 0.856857 0.515554 0
    outer loop
      vertex -0.242808 -0.184578 0
      vertex -0.276811 -0.128066 0
      vertex -0.276811 -0.128066 3.89
    endloop
  endfacet
  facet normal 0.947653 0.319301 0
    outer loop
      vertex -0.276811 -0.128066 3.89
      vertex -0.276811 -0.128066 0
      vertex -0.297869 -0.065566 3.89
    endloop
  endfacet
  facet normal 0.947653 0.319301 0
    outer loop
      vertex -0.276811 -0.128066 0
      vertex -0.297869 -0.065566 0
      vertex -0.297869 -0.065566 3.89
    endloop
  endfacet
  facet normal 0.994138 0.108119 0
    outer loop
      vertex -0.297869 -0.065566 3.89
      vertex -0.297869 -0.065566 0
      vertex -0.305 0 3.89
    endloop
  endfacet
  facet normal 0.994138 0.108119 -2.06347e-18
    outer loop
      vertex -0.297869 -0.065566 0
      vertex -0.305 -7.47035e-17 0
      vertex -0.305 0 3.89
    endloop
  endfacet
  facet normal 0.994138 -0.108119 2.07631e-18
    outer loop
      vertex -0.305 0 3.89
      vertex -0.305 -7.47035e-17 0
      vertex -0.297869 0.065566 3.89
    endloop
  endfacet
  facet normal 0.994138 -0.108119 0
    outer loop
      vertex -0.305 -7.47035e-17 0
      vertex -0.297869 0.065566 0
      vertex -0.297869 0.065566 3.89
    endloop
  endfacet
  facet normal 0.947653 -0.319301 0
    outer loop
      vertex -0.297869 0.065566 3.89
      vertex -0.297869 0.065566 0
      vertex -0.276811 0.128066 3.89
    endloop
  endfacet
  facet normal 0.947653 -0.319301 0
    outer loop
      vertex -0.297869 0.065566 0
      vertex -0.276811 0.128066 0
      vertex -0.276811 0.128066 3.89
    endloop
  endfacet
  facet normal 0.856857 -0.515554 0
    outer loop
      vertex -0.276811 0.128066 3.89
      vertex -0.276811 0.128066 0
      vertex -0.242808 0.184578 3.89
    endloop
  endfacet
  facet normal 0.856857 -0.515554 0
    outer loop
      vertex -0.276811 0.128066 0
      vertex -0.242808 0.184578 0
      vertex -0.242808 0.184578 3.89
    endloop
  endfacet
  facet normal 0.725995 -0.6877 0
    outer loop
      vertex -0.242808 0.184578 3.89
      vertex -0.242808 0.184578 0
      vertex -0.197453 0.232459 3.89
    endloop
  endfacet
  facet normal 0.725995 -0.6877 0
    outer loop
      vertex -0.242808 0.184578 0
      vertex -0.197453 0.232459 0
      vertex -0.197453 0.232459 3.89
    endloop
  endfacet
  facet normal 0.561187 -0.827689 0
    outer loop
      vertex -0.197453 0.232459 3.89
      vertex -0.197453 0.232459 0
      vertex -0.142865 0.269471 3.89
    endloop
  endfacet
  facet normal 0.561187 -0.827689 0
    outer loop
      vertex -0.197453 0.232459 0
      vertex -0.142865 0.269471 0
      vertex -0.142865 0.269471 3.89
    endloop
  endfacet
  facet normal 0.370138 -0.928977 0
    outer loop
      vertex -0.142865 0.269471 3.89
      vertex -0.142865 0.269471 0
      vertex -0.0815961 0.293883 3.89
    endloop
  endfacet
  facet normal 0.370138 -0.928977 0
    outer loop
      vertex -0.142865 0.269471 0
      vertex -0.0815961 0.293883 0
      vertex -0.0815961 0.293883 3.89
    endloop
  endfacet
  facet normal 0.161782 -0.986827 0
    outer loop
      vertex -0.0815961 0.293883 3.89
      vertex -0.0815961 0.293883 0
      vertex -0.0165124 0.304553 3.89
    endloop
  endfacet
  facet normal 0.161782 -0.986827 0
    outer loop
      vertex -0.0815961 0.293883 0
      vertex -0.0165124 0.304553 0
      vertex -0.0165124 0.304553 3.89
    endloop
  endfacet
  facet normal -0.0541388 -0.998533 0
    outer loop
      vertex -0.0165124 0.304553 3.89
      vertex -0.0165124 0.304553 0
      vertex 0.0493435 0.300982 3.89
    endloop
  endfacet
  facet normal -0.0541388 -0.998533 0
    outer loop
      vertex -0.0165124 0.304553 0
      vertex 0.0493435 0.300982 0
      vertex 0.0493435 0.300982 3.89
    endloop
  endfacet
  facet normal -0.267528 -0.96355 0
    outer loop
      vertex 0.0493435 0.300982 3.89
      vertex 0.0493435 0.300982 0
      vertex 0.112892 0.283338 3.89
    endloop
  endfacet
  facet normal -0.267528 -0.96355 0
    outer loop
      vertex 0.0493435 0.300982 0
      vertex 0.112892 0.283338 0
      vertex 0.112892 0.283338 3.89
    endloop
  endfacet
  facet normal -0.468409 -0.883512 0
    outer loop
      vertex 0.112892 0.283338 3.89
      vertex 0.112892 0.283338 0
      vertex 0.171162 0.252445 3.89
    endloop
  endfacet
  facet normal -0.468409 -0.883512 0
    outer loop
      vertex 0.112892 0.283338 0
      vertex 0.171162 0.252445 0
      vertex 0.171162 0.252445 3.89
    endloop
  endfacet
  facet normal -0.647386 -0.762162 0
    outer loop
      vertex 0.171162 0.252445 3.89
      vertex 0.171162 0.252445 0
      vertex 0.221429 0.209748 3.89
    endloop
  endfacet
  facet normal -0.647386 -0.762162 0
    outer loop
      vertex 0.171162 0.252445 0
      vertex 0.221429 0.209748 0
      vertex 0.221429 0.209748 3.89
    endloop
  endfacet
  facet normal -0.796093 -0.605174 0
    outer loop
      vertex 0.221429 0.209748 3.89
      vertex 0.221429 0.209748 0
      vertex 0.261341 0.157244 3.89
    endloop
  endfacet
  facet normal -0.796093 -0.605174 0
    outer loop
      vertex 0.221429 0.209748 0
      vertex 0.261341 0.157244 0
      vertex 0.261341 0.157244 3.89
    endloop
  endfacet
  facet normal -0.907575 -0.419889 0
    outer loop
      vertex 0.261341 0.157244 3.89
      vertex 0.261341 0.157244 0
      vertex 0.289034 0.097387 3.89
    endloop
  endfacet
  facet normal -0.907575 -0.419889 0
    outer loop
      vertex 0.261341 0.157244 0
      vertex 0.289034 0.097387 0
      vertex 0.289034 0.097387 3.89
    endloop
  endfacet
  facet normal -0.976621 -0.214971 0
    outer loop
      vertex 0.289034 0.097387 3.89
      vertex 0.289034 0.097387 0
      vertex 0.303212 0.0329763 3.89
    endloop
  endfacet
  facet normal 0.923523 0.311171 -0.224228
    outer loop
      vertex 0.511593 0.11261 0.0597983
      vertex 0.498076 0.109635 -4.91946e-16
      vertex 0.475424 0.219955 0.0597983
    endloop
  endfacet
  facet normal 0.923523 0.311171 -0.224228
    outer loop
      vertex 0.498076 0.109635 -4.91946e-16
      vertex 0.462863 0.214143 -4.91946e-16
      vertex 0.475424 0.219955 0.0597983
    endloop
  endfacet
  facet normal 0.835039 0.502426 -0.224228
    outer loop
      vertex 0.475424 0.219955 0.0597983
      vertex 0.462863 0.214143 -4.91946e-16
      vertex 0.417025 0.317014 0.0597983
    endloop
  endfacet
  facet normal 0.835039 0.502426 -0.224227
    outer loop
      vertex 0.462863 0.214143 -4.91946e-16
      vertex 0.406007 0.308639 -4.91946e-16
      vertex 0.417025 0.317014 0.0597983
    endloop
  endfacet
  facet normal 0.70751 0.670188 -0.224227
    outer loop
      vertex 0.417025 0.317014 0.0597983
      vertex 0.406007 0.308639 -4.91946e-16
      vertex 0.339127 0.399251 0.0597983
    endloop
  endfacet
  facet normal 0.707509 0.670188 -0.224228
    outer loop
      vertex 0.406007 0.308639 -4.91946e-16
      vertex 0.330167 0.388703 -4.91946e-16
      vertex 0.339127 0.399251 0.0597983
    endloop
  endfacet
  facet normal 0.546897 0.806613 -0.224228
    outer loop
      vertex 0.339127 0.399251 0.0597983
      vertex 0.330167 0.388703 -4.91946e-16
      vertex 0.245371 0.462819 0.0597983
    endloop
  endfacet
  facet normal 0.546897 0.806613 -0.224227
    outer loop
      vertex 0.330167 0.388703 -4.91946e-16
      vertex 0.238888 0.450591 -4.91946e-16
      vertex 0.245371 0.462819 0.0597983
    endloop
  endfacet
  facet normal 0.360713 0.905322 -0.224227
    outer loop
      vertex 0.245371 0.462819 0.0597983
      vertex 0.238888 0.450591 -4.91946e-16
      vertex 0.140142 0.504746 0.0597983
    endloop
  endfacet
  facet normal 0.360713 0.905322 -0.224227
    outer loop
      vertex 0.238888 0.450591 -4.91946e-16
      vertex 0.136439 0.49141 -4.91946e-16
      vertex 0.140142 0.504746 0.0597983
    endloop
  endfacet
  facet normal 0.157663 0.961699 -0.224227
    outer loop
      vertex 0.140142 0.504746 0.0597983
      vertex 0.136439 0.49141 -4.91946e-16
      vertex 0.0283601 0.523072 0.0597983
    endloop
  endfacet
  facet normal 0.157662 0.961699 -0.224228
    outer loop
      vertex 0.136439 0.49141 -4.91946e-16
      vertex 0.0276108 0.509252 -4.91946e-16
      vertex 0.0283601 0.523072 0.0597983
    endloop
  endfacet
  facet normal -0.0527603 0.973108 -0.224228
    outer loop
      vertex 0.0283601 0.523072 0.0597983
      vertex 0.0276108 0.509252 -4.91946e-16
      vertex -0.0847479 0.516939 0.0597983
    endloop
  endfacet
  facet normal -0.0527604 0.973107 -0.224228
    outer loop
      vertex 0.0276108 0.509252 -4.91946e-16
      vertex -0.0825088 0.503282 -4.91946e-16
      vertex -0.0847479 0.516939 0.0597983
    endloop
  endfacet
  facet normal -0.260716 0.939015 -0.224228
    outer loop
      vertex -0.0847479 0.516939 0.0597983
      vertex -0.0825088 0.503282 -4.91946e-16
      vertex -0.193893 0.486635 0.0597983
    endloop
  endfacet
  facet normal -0.260716 0.939015 -0.224228
    outer loop
      vertex -0.0825088 0.503282 -4.91946e-16
      vertex -0.18877 0.473778 -4.91946e-16
      vertex -0.193893 0.486635 0.0597983
    endloop
  endfacet
  facet normal -0.456481 0.861015 -0.224228
    outer loop
      vertex -0.193893 0.486635 0.0597983
      vertex -0.18877 0.473778 -4.91946e-16
      vertex -0.293972 0.433577 0.0597983
    endloop
  endfacet
  facet normal -0.456481 0.861015 -0.224228
    outer loop
      vertex -0.18877 0.473778 -4.91946e-16
      vertex -0.286205 0.422121 -4.91946e-16
      vertex -0.293972 0.433577 0.0597983
    endloop
  endfacet
  facet normal -0.630902 0.742755 -0.224228
    outer loop
      vertex -0.293972 0.433577 0.0597983
      vertex -0.286205 0.422121 -4.91946e-16
      vertex -0.380305 0.360244 0.0597983
    endloop
  endfacet
  facet normal -0.630902 0.742755 -0.224228
    outer loop
      vertex -0.286205 0.422121 -4.91946e-16
      vertex -0.370258 0.350727 -4.91946e-16
      vertex -0.380305 0.360244 0.0597983
    endloop
  endfacet
  facet normal -0.775822 0.589765 -0.224228
    outer loop
      vertex -0.380305 0.360244 0.0597983
      vertex -0.370258 0.350727 -4.91946e-16
      vertex -0.448856 0.270068 0.0597983
    endloop
  endfacet
  facet normal -0.775822 0.589765 -0.224228
    outer loop
      vertex -0.370258 0.350727 -4.91946e-16
      vertex -0.436997 0.262932 -4.91946e-16
      vertex -0.448856 0.270068 0.0597983
    endloop
  endfacet
  facet normal -0.884466 0.409197 -0.224228
    outer loop
      vertex -0.448856 0.270068 0.0597983
      vertex -0.436997 0.262932 -4.91946e-16
      vertex -0.496419 0.167263 0.0597983
    endloop
  endfacet
  facet normal -0.884466 0.409197 -0.224228
    outer loop
      vertex -0.436997 0.262932 -4.91946e-16
      vertex -0.483303 0.162844 -4.91946e-16
      vertex -0.496419 0.167263 0.0597983
    endloop
  endfacet
  facet normal -0.951753 0.209497 -0.224228
    outer loop
      vertex -0.496419 0.167263 0.0597983
      vertex -0.483303 0.162844 -4.91946e-16
      vertex -0.520769 0.0566371 0.0597983
    endloop
  endfacet
  facet normal -0.951753 0.209497 -0.224227
    outer loop
      vertex -0.483303 0.162844 -4.91946e-16
      vertex -0.50701 0.0551407 -4.91946e-16
      vertex -0.520769 0.0566371 0.0597983
    endloop
  endfacet
  facet normal -0.974537 0 -0.224227
    outer loop
      vertex -0.520769 0.0566371 0.0597983
      vertex -0.50701 0.0551407 -4.91946e-16
      vertex -0.520769 -0.0566371 0.0597983
    endloop
  endfacet
  facet normal -0.974537 0 -0.224227
    outer loop
      vertex -0.50701 0.0551407 -4.91946e-16
      vertex -0.50701 -0.0551407 -4.91946e-16
      vertex -0.520769 -0.0566371 0.0597983
    endloop
  endfacet
  facet normal -0.951753 -0.209497 -0.224227
    outer loop
      vertex -0.520769 -0.0566371 0.0597983
      vertex -0.50701 -0.0551407 -4.91946e-16
      vertex -0.496419 -0.167263 0.0597983
    endloop
  endfacet
  facet normal -0.951753 -0.209497 -0.224228
    outer loop
      vertex -0.50701 -0.0551407 -4.91946e-16
      vertex -0.483303 -0.162844 -4.91946e-16
      vertex -0.496419 -0.167263 0.0597983
    endloop
  endfacet
  facet normal -0.884466 -0.409197 -0.224228
    outer loop
      vertex -0.496419 -0.167263 0.0597983
      vertex -0.483303 -0.162844 -4.91946e-16
      vertex -0.448856 -0.270068 0.0597983
    endloop
  endfacet
  facet normal -0.884466 -0.409197 -0.224228
    outer loop
      vertex -0.483303 -0.162844 -4.91946e-16
      vertex -0.436997 -0.262932 -4.91946e-16
      vertex -0.448856 -0.270068 0.0597983
    endloop
  endfacet
  facet normal -0.775822 -0.589765 -0.224228
    outer loop
      vertex -0.448856 -0.270068 0.0597983
      vertex -0.436997 -0.262932 -4.91946e-16
      vertex -0.380305 -0.360244 0.0597983
    endloop
  endfacet
  facet normal -0.775822 -0.589765 -0.224228
    outer loop
      vertex -0.436997 -0.262932 -4.91946e-16
      vertex -0.370258 -0.350727 -4.91946e-16
      vertex -0.380305 -0.360244 0.0597983
    endloop
  endfacet
  facet normal -0.630902 -0.742755 -0.224228
    outer loop
      vertex -0.380305 -0.360244 0.0597983
      vertex -0.370258 -0.350727 -4.91946e-16
      vertex -0.293972 -0.433577 0.0597983
    endloop
  endfacet
  facet normal -0.630902 -0.742755 -0.224228
    outer loop
      vertex -0.370258 -0.350727 -4.91946e-16
      vertex -0.286205 -0.422121 -4.91946e-16
      vertex -0.293972 -0.433577 0.0597983
    endloop
  endfacet
  facet normal -0.456481 -0.861015 -0.224228
    outer loop
      vertex -0.293972 -0.433577 0.0597983
      vertex -0.286205 -0.422121 -4.91946e-16
      vertex -0.193893 -0.486635 0.0597983
    endloop
  endfacet
  facet normal -0.456481 -0.861015 -0.224228
    outer loop
      vertex -0.286205 -0.422121 -4.91946e-16
      vertex -0.18877 -0.473778 -4.91946e-16
      vertex -0.193893 -0.486635 0.0597983
    endloop
  endfacet
  facet normal -0.260716 -0.939015 -0.224228
    outer loop
      vertex -0.193893 -0.486635 0.0597983
      vertex -0.18877 -0.473778 -4.91946e-16
      vertex -0.0847479 -0.516939 0.0597983
    endloop
  endfacet
  facet normal -0.260716 -0.939015 -0.224228
    outer loop
      vertex -0.18877 -0.473778 -4.91946e-16
      vertex -0.0825088 -0.503282 -4.91946e-16
      vertex -0.0847479 -0.516939 0.0597983
    endloop
  endfacet
  facet normal -0.0527603 -0.973107 -0.224228
    outer loop
      vertex -0.0847479 -0.516939 0.0597983
      vertex -0.0825088 -0.503282 -4.91946e-16
      vertex 0.0283601 -0.523072 0.0597983
    endloop
  endfacet
  facet normal -0.0527604 -0.973108 -0.224228
    outer loop
      vertex -0.0825088 -0.503282 -4.91946e-16
      vertex 0.0276108 -0.509252 -4.91946e-16
      vertex 0.0283601 -0.523072 0.0597983
    endloop
  endfacet
  facet normal 0.157663 -0.961699 -0.224228
    outer loop
      vertex 0.0283601 -0.523072 0.0597983
      vertex 0.0276108 -0.509252 -4.91946e-16
      vertex 0.140142 -0.504746 0.0597983
    endloop
  endfacet
  facet normal 0.157662 -0.961699 -0.224227
    outer loop
      vertex 0.0276108 -0.509252 -4.91946e-16
      vertex 0.136439 -0.49141 -4.91946e-16
      vertex 0.140142 -0.504746 0.0597983
    endloop
  endfacet
  facet normal 0.360713 -0.905322 -0.224227
    outer loop
      vertex 0.140142 -0.504746 0.0597983
      vertex 0.136439 -0.49141 -4.91946e-16
      vertex 0.245371 -0.462819 0.0597983
    endloop
  endfacet
  facet normal 0.360713 -0.905322 -0.224227
    outer loop
      vertex 0.136439 -0.49141 -4.91946e-16
      vertex 0.238888 -0.450591 -4.91946e-16
      vertex 0.245371 -0.462819 0.0597983
    endloop
  endfacet
  facet normal 0.546897 -0.806614 -0.224227
    outer loop
      vertex 0.245371 -0.462819 0.0597983
      vertex 0.238888 -0.450591 -4.91946e-16
      vertex 0.339127 -0.399251 0.0597983
    endloop
  endfacet
  facet normal 0.546897 -0.806613 -0.224228
    outer loop
      vertex 0.238888 -0.450591 -4.91946e-16
      vertex 0.330167 -0.388703 -4.91946e-16
      vertex 0.339127 -0.399251 0.0597983
    endloop
  endfacet
  facet normal 0.707509 -0.670188 -0.224228
    outer loop
      vertex 0.339127 -0.399251 0.0597983
      vertex 0.330167 -0.388703 -4.91946e-16
      vertex 0.417025 -0.317014 0.0597983
    endloop
  endfacet
  facet normal 0.707509 -0.670188 -0.224227
    outer loop
      vertex 0.330167 -0.388703 -4.91946e-16
      vertex 0.406007 -0.308639 -4.91946e-16
      vertex 0.417025 -0.317014 0.0597983
    endloop
  endfacet
  facet normal 0.835039 -0.502426 -0.224227
    outer loop
      vertex 0.417025 -0.317014 0.0597983
      vertex 0.406007 -0.308639 -4.91946e-16
      vertex 0.475424 -0.219955 0.0597983
    endloop
  endfacet
  facet normal 0.835039 -0.502426 -0.224228
    outer loop
      vertex 0.406007 -0.308639 -4.91946e-16
      vertex 0.462863 -0.214143 -4.91946e-16
      vertex 0.475424 -0.219955 0.0597983
    endloop
  endfacet
  facet normal 0.923523 -0.311171 -0.224228
    outer loop
      vertex 0.475424 -0.219955 0.0597983
      vertex 0.462863 -0.214143 -4.91946e-16
      vertex 0.511593 -0.11261 0.0597983
    endloop
  endfacet
  facet normal 0.923523 -0.311171 -0.224228
    outer loop
      vertex 0.462863 -0.214143 -4.91946e-16
      vertex 0.498076 -0.109635 -4.91946e-16
      vertex 0.511593 -0.11261 0.0597983
    endloop
  endfacet
  facet normal 0.968824 -0.105366 -0.224228
    outer loop
      vertex 0.511593 -0.11261 0.0597983
      vertex 0.498076 -0.109635 -4.91946e-16
      vertex 0.52384 0 0.0597983
    endloop
  endfacet
  facet normal 0.968824 -0.105366 -0.224227
    outer loop
      vertex 0.498076 -0.109635 -4.91946e-16
      vertex 0.51 0 -4.91946e-16
      vertex 0.52384 0 0.0597983
    endloop
  endfacet
  facet normal 0.968824 0.105366 -0.224227
    outer loop
      vertex 0.52384 0 0.0597983
      vertex 0.51 0 -4.91946e-16
      vertex 0.511593 0.11261 0.0597983
    endloop
  endfacet
  facet normal 0.968824 0.105366 -0.224228
    outer loop
      vertex 0.51 0 -4.91946e-16
      vertex 0.498076 0.109635 -4.91946e-16
      vertex 0.511593 0.11261 0.0597983
    endloop
  endfacet
  facet normal 0.981278 -0.10672 -0.160327
    outer loop
      vertex 0.52384 0 0.0597983
      vertex 0.611312 0 0.595169
      vertex 0.511593 -0.11261 0.0597983
    endloop
  endfacet
  facet normal 0.981278 -0.10672 -0.160327
    outer loop
      vertex 0.611312 0 0.595169
      vertex 0.59702 -0.131414 0.595169
      vertex 0.511593 -0.11261 0.0597983
    endloop
  endfacet
  facet normal 0.935394 -0.315171 -0.160327
    outer loop
      vertex 0.511593 -0.11261 0.0597983
      vertex 0.59702 -0.131414 0.595169
      vertex 0.475424 -0.219955 0.0597983
    endloop
  endfacet
  facet normal 0.935394 -0.315171 -0.160327
    outer loop
      vertex 0.59702 -0.131414 0.595169
      vertex 0.554812 -0.256683 0.595169
      vertex 0.475424 -0.219955 0.0597983
    endloop
  endfacet
  facet normal 0.845773 -0.508885 -0.160327
    outer loop
      vertex 0.475424 -0.219955 0.0597983
      vertex 0.554812 -0.256683 0.595169
      vertex 0.417025 -0.317014 0.0597983
    endloop
  endfacet
  facet normal 0.845773 -0.508885 -0.160327
    outer loop
      vertex 0.554812 -0.256683 0.595169
      vertex 0.486661 -0.36995 0.595169
      vertex 0.417025 -0.317014 0.0597983
    endloop
  endfacet
  facet normal 0.716604 -0.678803 -0.160327
    outer loop
      vertex 0.417025 -0.317014 0.0597983
      vertex 0.486661 -0.36995 0.595169
      vertex 0.339127 -0.399251 0.0597983
    endloop
  endfacet
  facet normal 0.716604 -0.678803 -0.160327
    outer loop
      vertex 0.486661 -0.36995 0.595169
      vertex 0.395755 -0.465919 0.595169
      vertex 0.339127 -0.399251 0.0597983
    endloop
  endfacet
  facet normal 0.553927 -0.816982 -0.160327
    outer loop
      vertex 0.339127 -0.399251 0.0597983
      vertex 0.395755 -0.465919 0.595169
      vertex 0.245371 -0.462819 0.0597983
    endloop
  endfacet
  facet normal 0.553927 -0.816982 -0.160327
    outer loop
      vertex 0.395755 -0.465919 0.595169
      vertex 0.286344 -0.540102 0.595169
      vertex 0.245371 -0.462819 0.0597983
    endloop
  endfacet
  facet normal 0.36535 -0.916959 -0.160327
    outer loop
      vertex 0.245371 -0.462819 0.0597983
      vertex 0.286344 -0.540102 0.595169
      vertex 0.140142 -0.504746 0.0597983
    endloop
  endfacet
  facet normal 0.36535 -0.916959 -0.160327
    outer loop
      vertex 0.286344 -0.540102 0.595169
      vertex 0.163543 -0.58903 0.595169
      vertex 0.140142 -0.504746 0.0597983
    endloop
  endfacet
  facet normal 0.159689 -0.974061 -0.160327
    outer loop
      vertex 0.140142 -0.504746 0.0597983
      vertex 0.163543 -0.58903 0.595169
      vertex 0.0283601 -0.523072 0.0597983
    endloop
  endfacet
  facet normal 0.159689 -0.974061 -0.160327
    outer loop
      vertex 0.163543 -0.58903 0.595169
      vertex 0.0330958 -0.610416 0.595169
      vertex 0.0283601 -0.523072 0.0597983
    endloop
  endfacet
  facet normal -0.0534385 -0.985616 -0.160327
    outer loop
      vertex 0.0283601 -0.523072 0.0597983
      vertex 0.0330958 -0.610416 0.595169
      vertex -0.0847479 -0.516939 0.0597983
    endloop
  endfacet
  facet normal -0.0534385 -0.985616 -0.160327
    outer loop
      vertex 0.0330958 -0.610416 0.595169
      vertex -0.0988993 -0.603259 0.595169
      vertex -0.0847479 -0.516939 0.0597983
    endloop
  endfacet
  facet normal -0.264068 -0.951085 -0.160327
    outer loop
      vertex -0.0847479 -0.516939 0.0597983
      vertex -0.0988993 -0.603259 0.595169
      vertex -0.193893 -0.486635 0.0597983
    endloop
  endfacet
  facet normal -0.264068 -0.951085 -0.160327
    outer loop
      vertex -0.0988993 -0.603259 0.595169
      vertex -0.22627 -0.567895 0.595169
      vertex -0.193893 -0.486635 0.0597983
    endloop
  endfacet
  facet normal -0.462349 -0.872083 -0.160327
    outer loop
      vertex -0.193893 -0.486635 0.0597983
      vertex -0.22627 -0.567895 0.595169
      vertex -0.293972 -0.433577 0.0597983
    endloop
  endfacet
  facet normal -0.462349 -0.872083 -0.160327
    outer loop
      vertex -0.22627 -0.567895 0.595169
      vertex -0.34306 -0.505976 0.595169
      vertex -0.293972 -0.433577 0.0597983
    endloop
  endfacet
  facet normal -0.639012 -0.752303 -0.160327
    outer loop
      vertex -0.293972 -0.433577 0.0597983
      vertex -0.34306 -0.505976 0.595169
      vertex -0.380305 -0.360244 0.0597983
    endloop
  endfacet
  facet normal -0.639012 -0.752303 -0.160327
    outer loop
      vertex -0.34306 -0.505976 0.595169
      vertex -0.44381 -0.420399 0.595169
      vertex -0.380305 -0.360244 0.0597983
    endloop
  endfacet
  facet normal -0.785795 -0.597346 -0.160327
    outer loop
      vertex -0.380305 -0.360244 0.0597983
      vertex -0.44381 -0.420399 0.595169
      vertex -0.448856 -0.270068 0.0597983
    endloop
  endfacet
  facet normal -0.785795 -0.597346 -0.160327
    outer loop
      vertex -0.44381 -0.420399 0.595169
      vertex -0.523807 -0.315164 0.595169
      vertex -0.448856 -0.270068 0.0597983
    endloop
  endfacet
  facet normal -0.895835 -0.414457 -0.160327
    outer loop
      vertex -0.448856 -0.270068 0.0597983
      vertex -0.523807 -0.315164 0.595169
      vertex -0.496419 -0.167263 0.0597983
    endloop
  endfacet
  facet normal -0.895835 -0.414457 -0.160327
    outer loop
      vertex -0.523807 -0.315164 0.595169
      vertex -0.579312 -0.195193 0.595169
      vertex -0.496419 -0.167263 0.0597983
    endloop
  endfacet
  facet normal -0.963987 -0.21219 -0.160327
    outer loop
      vertex -0.496419 -0.167263 0.0597983
      vertex -0.579312 -0.195193 0.595169
      vertex -0.520769 -0.0566371 0.0597983
    endloop
  endfacet
  facet normal -0.963987 -0.212189 -0.160327
    outer loop
      vertex -0.579312 -0.195193 0.595169
      vertex -0.607729 -0.0660945 0.595169
      vertex -0.520769 -0.0566371 0.0597983
    endloop
  endfacet
  facet normal -0.987064 0 -0.160327
    outer loop
      vertex -0.520769 -0.0566371 0.0597983
      vertex -0.607729 -0.0660945 0.595169
      vertex -0.520769 0.0566371 0.0597983
    endloop
  endfacet
  facet normal -0.987064 0 -0.160327
    outer loop
      vertex -0.607729 -0.0660945 0.595169
      vertex -0.607729 0.0660945 0.595169
      vertex -0.520769 0.0566371 0.0597983
    endloop
  endfacet
  facet normal -0.963987 0.21219 -0.160327
    outer loop
      vertex -0.520769 0.0566371 0.0597983
      vertex -0.607729 0.0660945 0.595169
      vertex -0.496419 0.167263 0.0597983
    endloop
  endfacet
  facet normal -0.963987 0.212189 -0.160327
    outer loop
      vertex -0.607729 0.0660945 0.595169
      vertex -0.579312 0.195193 0.595169
      vertex -0.496419 0.167263 0.0597983
    endloop
  endfacet
  facet normal -0.895835 0.414457 -0.160327
    outer loop
      vertex -0.496419 0.167263 0.0597983
      vertex -0.579312 0.195193 0.595169
      vertex -0.448856 0.270068 0.0597983
    endloop
  endfacet
  facet normal -0.895835 0.414457 -0.160327
    outer loop
      vertex -0.579312 0.195193 0.595169
      vertex -0.523807 0.315164 0.595169
      vertex -0.448856 0.270068 0.0597983
    endloop
  endfacet
  facet normal -0.785795 0.597346 -0.160327
    outer loop
      vertex -0.448856 0.270068 0.0597983
      vertex -0.523807 0.315164 0.595169
      vertex -0.380305 0.360244 0.0597983
    endloop
  endfacet
  facet normal -0.785795 0.597346 -0.160327
    outer loop
      vertex -0.523807 0.315164 0.595169
      vertex -0.44381 0.420399 0.595169
      vertex -0.380305 0.360244 0.0597983
    endloop
  endfacet
  facet normal -0.639012 0.752303 -0.160327
    outer loop
      vertex -0.380305 0.360244 0.0597983
      vertex -0.44381 0.420399 0.595169
      vertex -0.293972 0.433577 0.0597983
    endloop
  endfacet
  facet normal -0.639012 0.752303 -0.160327
    outer loop
      vertex -0.44381 0.420399 0.595169
      vertex -0.34306 0.505976 0.595169
      vertex -0.293972 0.433577 0.0597983
    endloop
  endfacet
  facet normal -0.462349 0.872083 -0.160327
    outer loop
      vertex -0.293972 0.433577 0.0597983
      vertex -0.34306 0.505976 0.595169
      vertex -0.193893 0.486635 0.0597983
    endloop
  endfacet
  facet normal -0.462349 0.872083 -0.160327
    outer loop
      vertex -0.34306 0.505976 0.595169
      vertex -0.22627 0.567895 0.595169
      vertex -0.193893 0.486635 0.0597983
    endloop
  endfacet
  facet normal -0.264068 0.951085 -0.160327
    outer loop
      vertex -0.193893 0.486635 0.0597983
      vertex -0.22627 0.567895 0.595169
      vertex -0.0847479 0.516939 0.0597983
    endloop
  endfacet
  facet normal -0.264068 0.951085 -0.160327
    outer loop
      vertex -0.22627 0.567895 0.595169
      vertex -0.0988993 0.603259 0.595169
      vertex -0.0847479 0.516939 0.0597983
    endloop
  endfacet
  facet normal -0.0534385 0.985616 -0.160327
    outer loop
      vertex -0.0847479 0.516939 0.0597983
      vertex -0.0988993 0.603259 0.595169
      vertex 0.0283601 0.523072 0.0597983
    endloop
  endfacet
  facet normal -0.0534385 0.985616 -0.160327
    outer loop
      vertex -0.0988993 0.603259 0.595169
      vertex 0.0330958 0.610416 0.595169
      vertex 0.0283601 0.523072 0.0597983
    endloop
  endfacet
  facet normal 0.159689 0.974061 -0.160327
    outer loop
      vertex 0.0283601 0.523072 0.0597983
      vertex 0.0330958 0.610416 0.595169
      vertex 0.140142 0.504746 0.0597983
    endloop
  endfacet
  facet normal 0.159689 0.974061 -0.160327
    outer loop
      vertex 0.0330958 0.610416 0.595169
      vertex 0.163543 0.58903 0.595169
      vertex 0.140142 0.504746 0.0597983
    endloop
  endfacet
  facet normal 0.36535 0.916959 -0.160327
    outer loop
      vertex 0.140142 0.504746 0.0597983
      vertex 0.163543 0.58903 0.595169
      vertex 0.245371 0.462819 0.0597983
    endloop
  endfacet
  facet normal 0.36535 0.916959 -0.160327
    outer loop
      vertex 0.163543 0.58903 0.595169
      vertex 0.286344 0.540102 0.595169
      vertex 0.245371 0.462819 0.0597983
    endloop
  endfacet
  facet normal 0.553927 0.816982 -0.160327
    outer loop
      vertex 0.245371 0.462819 0.0597983
      vertex 0.286344 0.540102 0.595169
      vertex 0.339127 0.399251 0.0597983
    endloop
  endfacet
  facet normal 0.553927 0.816982 -0.160327
    outer loop
      vertex 0.286344 0.540102 0.595169
      vertex 0.395755 0.465919 0.595169
      vertex 0.339127 0.399251 0.0597983
    endloop
  endfacet
  facet normal 0.716604 0.678803 -0.160327
    outer loop
      vertex 0.339127 0.399251 0.0597983
      vertex 0.395755 0.465919 0.595169
      vertex 0.417025 0.317014 0.0597983
    endloop
  endfacet
  facet normal 0.716604 0.678803 -0.160327
    outer loop
      vertex 0.395755 0.465919 0.595169
      vertex 0.486661 0.36995 0.595169
      vertex 0.417025 0.317014 0.0597983
    endloop
  endfacet
  facet normal 0.845773 0.508885 -0.160327
    outer loop
      vertex 0.417025 0.317014 0.0597983
      vertex 0.486661 0.36995 0.595169
      vertex 0.475424 0.219955 0.0597983
    endloop
  endfacet
  facet normal 0.845773 0.508885 -0.160327
    outer loop
      vertex 0.486661 0.36995 0.595169
      vertex 0.554812 0.256683 0.595169
      vertex 0.475424 0.219955 0.0597983
    endloop
  endfacet
  facet normal 0.935394 0.315171 -0.160327
    outer loop
      vertex 0.475424 0.219955 0.0597983
      vertex 0.554812 0.256683 0.595169
      vertex 0.511593 0.11261 0.0597983
    endloop
  endfacet
  facet normal 0.935394 0.315171 -0.160327
    outer loop
      vertex 0.554812 0.256683 0.595169
      vertex 0.59702 0.131414 0.595169
      vertex 0.511593 0.11261 0.0597983
    endloop
  endfacet
  facet normal 0.981278 0.10672 -0.160327
    outer loop
      vertex 0.511593 0.11261 0.0597983
      vertex 0.59702 0.131414 0.595169
      vertex 0.52384 0 0.0597983
    endloop
  endfacet
  facet normal 0.981278 0.10672 -0.160327
    outer loop
      vertex 0.59702 0.131414 0.595169
      vertex 0.611312 0 0.595169
      vertex 0.52384 0 0.0597983
    endloop
  endfacet
  facet normal 0.990838 -0.10776 -0.0814094
    outer loop
      vertex 0.611312 0 0.595169
      vertex 0.670345 0 1.31366
      vertex 0.59702 -0.131414 0.595169
    endloop
  endfacet
  facet normal 0.990838 -0.10776 -0.0814094
    outer loop
      vertex 0.670345 0 1.31366
      vertex 0.654672 -0.144104 1.31366
      vertex 0.59702 -0.131414 0.595169
    endloop
  endfacet
  facet normal 0.944508 -0.318242 -0.0814094
    outer loop
      vertex 0.59702 -0.131414 0.595169
      vertex 0.654672 -0.144104 1.31366
      vertex 0.554812 -0.256683 0.595169
    endloop
  endfacet
  facet normal 0.944508 -0.318242 -0.0814094
    outer loop
      vertex 0.654672 -0.144104 1.31366
      vertex 0.608388 -0.28147 1.31366
      vertex 0.554812 -0.256683 0.595169
    endloop
  endfacet
  facet normal 0.854013 -0.513843 -0.0814094
    outer loop
      vertex 0.554812 -0.256683 0.595169
      vertex 0.608388 -0.28147 1.31366
      vertex 0.486661 -0.36995 0.595169
    endloop
  endfacet
  facet normal 0.854013 -0.513843 -0.0814094
    outer loop
      vertex 0.608388 -0.28147 1.31366
      vertex 0.533657 -0.405675 1.31366
      vertex 0.486661 -0.36995 0.595169
    endloop
  endfacet
  facet normal 0.723586 -0.685417 -0.0814094
    outer loop
      vertex 0.486661 -0.36995 0.595169
      vertex 0.533657 -0.405675 1.31366
      vertex 0.395755 -0.465919 0.595169
    endloop
  endfacet
  facet normal 0.723586 -0.685417 -0.0814094
    outer loop
      vertex 0.533657 -0.405675 1.31366
      vertex 0.433972 -0.510911 1.31366
      vertex 0.395755 -0.465919 0.595169
    endloop
  endfacet
  facet normal 0.559324 -0.824942 -0.0814094
    outer loop
      vertex 0.395755 -0.465919 0.595169
      vertex 0.433972 -0.510911 1.31366
      vertex 0.286344 -0.540102 0.595169
    endloop
  endfacet
  facet normal 0.559324 -0.824942 -0.0814094
    outer loop
      vertex 0.433972 -0.510911 1.31366
      vertex 0.313995 -0.592258 1.31366
      vertex 0.286344 -0.540102 0.595169
    endloop
  endfacet
  facet normal 0.36891 -0.925893 -0.0814094
    outer loop
      vertex 0.286344 -0.540102 0.595169
      vertex 0.313995 -0.592258 1.31366
      vertex 0.163543 -0.58903 0.595169
    endloop
  endfacet
  facet normal 0.36891 -0.925893 -0.0814094
    outer loop
      vertex 0.313995 -0.592258 1.31366
      vertex 0.179336 -0.645911 1.31366
      vertex 0.163543 -0.58903 0.595169
    endloop
  endfacet
  facet normal 0.161245 -0.983551 -0.0814094
    outer loop
      vertex 0.163543 -0.58903 0.595169
      vertex 0.179336 -0.645911 1.31366
      vertex 0.0330958 -0.610416 0.595169
    endloop
  endfacet
  facet normal 0.161245 -0.983551 -0.0814094
    outer loop
      vertex 0.179336 -0.645911 1.31366
      vertex 0.0362917 -0.669362 1.31366
      vertex 0.0330958 -0.610416 0.595169
    endloop
  endfacet
  facet normal -0.0539592 -0.995219 -0.0814094
    outer loop
      vertex 0.0330958 -0.610416 0.595169
      vertex 0.0362917 -0.669362 1.31366
      vertex -0.0988993 -0.603259 0.595169
    endloop
  endfacet
  facet normal -0.0539592 -0.995219 -0.0814094
    outer loop
      vertex 0.0362917 -0.669362 1.31366
      vertex -0.10845 -0.661514 1.31366
      vertex -0.0988993 -0.603259 0.595169
    endloop
  endfacet
  facet normal -0.26664 -0.960352 -0.0814094
    outer loop
      vertex -0.0988993 -0.603259 0.595169
      vertex -0.10845 -0.661514 1.31366
      vertex -0.22627 -0.567895 0.595169
    endloop
  endfacet
  facet normal -0.26664 -0.960352 -0.0814094
    outer loop
      vertex -0.10845 -0.661514 1.31366
      vertex -0.24812 -0.622735 1.31366
      vertex -0.22627 -0.567895 0.595169
    endloop
  endfacet
  facet normal -0.466854 -0.880579 -0.0814094
    outer loop
      vertex -0.22627 -0.567895 0.595169
      vertex -0.24812 -0.622735 1.31366
      vertex -0.34306 -0.505976 0.595169
    endloop
  endfacet
  facet normal -0.466854 -0.880579 -0.0814093
    outer loop
      vertex -0.24812 -0.622735 1.31366
      vertex -0.376189 -0.554837 1.31366
      vertex -0.34306 -0.505976 0.595169
    endloop
  endfacet
  facet normal -0.645237 -0.759632 -0.0814093
    outer loop
      vertex -0.34306 -0.505976 0.595169
      vertex -0.376189 -0.554837 1.31366
      vertex -0.44381 -0.420399 0.595169
    endloop
  endfacet
  facet normal -0.645237 -0.759632 -0.0814093
    outer loop
      vertex -0.376189 -0.554837 1.31366
      vertex -0.486667 -0.460996 1.31366
      vertex -0.44381 -0.420399 0.595169
    endloop
  endfacet
  facet normal -0.793451 -0.603166 -0.0814094
    outer loop
      vertex -0.44381 -0.420399 0.595169
      vertex -0.486667 -0.460996 1.31366
      vertex -0.523807 -0.315164 0.595169
    endloop
  endfacet
  facet normal -0.793451 -0.603166 -0.0814094
    outer loop
      vertex -0.486667 -0.460996 1.31366
      vertex -0.57439 -0.345599 1.31366
      vertex -0.523807 -0.315164 0.595169
    endloop
  endfacet
  facet normal -0.904563 -0.418495 -0.0814094
    outer loop
      vertex -0.523807 -0.315164 0.595169
      vertex -0.57439 -0.345599 1.31366
      vertex -0.579312 -0.195193 0.595169
    endloop
  endfacet
  facet normal -0.904563 -0.418496 -0.0814094
    outer loop
      vertex -0.57439 -0.345599 1.31366
      vertex -0.635254 -0.214042 1.31366
      vertex -0.579312 -0.195193 0.595169
    endloop
  endfacet
  facet normal -0.973379 -0.214257 -0.0814094
    outer loop
      vertex -0.579312 -0.195193 0.595169
      vertex -0.635254 -0.214042 1.31366
      vertex -0.607729 -0.0660945 0.595169
    endloop
  endfacet
  facet normal -0.973379 -0.214257 -0.0814094
    outer loop
      vertex -0.635254 -0.214042 1.31366
      vertex -0.666415 -0.072477 1.31366
      vertex -0.607729 -0.0660945 0.595169
    endloop
  endfacet
  facet normal -0.996681 0 -0.0814094
    outer loop
      vertex -0.607729 -0.0660945 0.595169
      vertex -0.666415 -0.072477 1.31366
      vertex -0.607729 0.0660945 0.595169
    endloop
  endfacet
  facet normal -0.996681 0 -0.0814094
    outer loop
      vertex -0.666415 -0.072477 1.31366
      vertex -0.666415 0.072477 1.31366
      vertex -0.607729 0.0660945 0.595169
    endloop
  endfacet
  facet normal -0.973379 0.214257 -0.0814094
    outer loop
      vertex -0.607729 0.0660945 0.595169
      vertex -0.666415 0.072477 1.31366
      vertex -0.579312 0.195193 0.595169
    endloop
  endfacet
  facet normal -0.973379 0.214257 -0.0814094
    outer loop
      vertex -0.666415 0.072477 1.31366
      vertex -0.635254 0.214042 1.31366
      vertex -0.579312 0.195193 0.595169
    endloop
  endfacet
  facet normal -0.904563 0.418495 -0.0814094
    outer loop
      vertex -0.579312 0.195193 0.595169
      vertex -0.635254 0.214042 1.31366
      vertex -0.523807 0.315164 0.595169
    endloop
  endfacet
  facet normal -0.904563 0.418496 -0.0814094
    outer loop
      vertex -0.635254 0.214042 1.31366
      vertex -0.57439 0.345599 1.31366
      vertex -0.523807 0.315164 0.595169
    endloop
  endfacet
  facet normal -0.793451 0.603166 -0.0814094
    outer loop
      vertex -0.523807 0.315164 0.595169
      vertex -0.57439 0.345599 1.31366
      vertex -0.44381 0.420399 0.595169
    endloop
  endfacet
  facet normal -0.793451 0.603166 -0.0814094
    outer loop
      vertex -0.57439 0.345599 1.31366
      vertex -0.486667 0.460996 1.31366
      vertex -0.44381 0.420399 0.595169
    endloop
  endfacet
  facet normal -0.645237 0.759632 -0.0814094
    outer loop
      vertex -0.44381 0.420399 0.595169
      vertex -0.486667 0.460996 1.31366
      vertex -0.34306 0.505976 0.595169
    endloop
  endfacet
  facet normal -0.645237 0.759632 -0.0814093
    outer loop
      vertex -0.486667 0.460996 1.31366
      vertex -0.376189 0.554837 1.31366
      vertex -0.34306 0.505976 0.595169
    endloop
  endfacet
  facet normal -0.466854 0.880579 -0.0814093
    outer loop
      vertex -0.34306 0.505976 0.595169
      vertex -0.376189 0.554837 1.31366
      vertex -0.22627 0.567895 0.595169
    endloop
  endfacet
  facet normal -0.466854 0.880579 -0.0814094
    outer loop
      vertex -0.376189 0.554837 1.31366
      vertex -0.24812 0.622735 1.31366
      vertex -0.22627 0.567895 0.595169
    endloop
  endfacet
  facet normal -0.26664 0.960352 -0.0814094
    outer loop
      vertex -0.22627 0.567895 0.595169
      vertex -0.24812 0.622735 1.31366
      vertex -0.0988993 0.603259 0.595169
    endloop
  endfacet
  facet normal -0.26664 0.960352 -0.0814094
    outer loop
      vertex -0.24812 0.622735 1.31366
      vertex -0.10845 0.661514 1.31366
      vertex -0.0988993 0.603259 0.595169
    endloop
  endfacet
  facet normal -0.0539592 0.995219 -0.0814094
    outer loop
      vertex -0.0988993 0.603259 0.595169
      vertex -0.10845 0.661514 1.31366
      vertex 0.0330958 0.610416 0.595169
    endloop
  endfacet
  facet normal -0.0539592 0.995219 -0.0814094
    outer loop
      vertex -0.10845 0.661514 1.31366
      vertex 0.0362917 0.669362 1.31366
      vertex 0.0330958 0.610416 0.595169
    endloop
  endfacet
  facet normal 0.161245 0.983551 -0.0814094
    outer loop
      vertex 0.0330958 0.610416 0.595169
      vertex 0.0362917 0.669362 1.31366
      vertex 0.163543 0.58903 0.595169
    endloop
  endfacet
  facet normal 0.161245 0.983551 -0.0814094
    outer loop
      vertex 0.0362917 0.669362 1.31366
      vertex 0.179336 0.645911 1.31366
      vertex 0.163543 0.58903 0.595169
    endloop
  endfacet
  facet normal 0.36891 0.925893 -0.0814094
    outer loop
      vertex 0.163543 0.58903 0.595169
      vertex 0.179336 0.645911 1.31366
      vertex 0.286344 0.540102 0.595169
    endloop
  endfacet
  facet normal 0.36891 0.925893 -0.0814094
    outer loop
      vertex 0.179336 0.645911 1.31366
      vertex 0.313995 0.592258 1.31366
      vertex 0.286344 0.540102 0.595169
    endloop
  endfacet
  facet normal 0.559324 0.824942 -0.0814094
    outer loop
      vertex 0.286344 0.540102 0.595169
      vertex 0.313995 0.592258 1.31366
      vertex 0.395755 0.465919 0.595169
    endloop
  endfacet
  facet normal 0.559324 0.824942 -0.0814094
    outer loop
      vertex 0.313995 0.592258 1.31366
      vertex 0.433972 0.510911 1.31366
      vertex 0.395755 0.465919 0.595169
    endloop
  endfacet
  facet normal 0.723586 0.685417 -0.0814094
    outer loop
      vertex 0.395755 0.465919 0.595169
      vertex 0.433972 0.510911 1.31366
      vertex 0.486661 0.36995 0.595169
    endloop
  endfacet
  facet normal 0.723586 0.685417 -0.0814094
    outer loop
      vertex 0.433972 0.510911 1.31366
      vertex 0.533657 0.405675 1.31366
      vertex 0.486661 0.36995 0.595169
    endloop
  endfacet
  facet normal 0.854013 0.513843 -0.0814094
    outer loop
      vertex 0.486661 0.36995 0.595169
      vertex 0.533657 0.405675 1.31366
      vertex 0.554812 0.256683 0.595169
    endloop
  endfacet
  facet normal 0.854013 0.513843 -0.0814094
    outer loop
      vertex 0.533657 0.405675 1.31366
      vertex 0.608388 0.28147 1.31366
      vertex 0.554812 0.256683 0.595169
    endloop
  endfacet
  facet normal 0.944508 0.318242 -0.0814094
    outer loop
      vertex 0.554812 0.256683 0.595169
      vertex 0.608388 0.28147 1.31366
      vertex 0.59702 0.131414 0.595169
    endloop
  endfacet
  facet normal 0.944508 0.318242 -0.0814094
    outer loop
      vertex 0.608388 0.28147 1.31366
      vertex 0.654672 0.144104 1.31366
      vertex 0.59702 0.131414 0.595169
    endloop
  endfacet
  facet normal 0.990838 0.10776 -0.0814094
    outer loop
      vertex 0.59702 0.131414 0.595169
      vertex 0.654672 0.144104 1.31366
      vertex 0.611312 0 0.595169
    endloop
  endfacet
  facet normal 0.990838 0.10776 -0.0814094
    outer loop
      vertex 0.654672 0.144104 1.31366
      vertex 0.670345 0 1.31366
      vertex 0.611312 0 0.595169
    endloop
  endfacet
  facet normal 0.993682 -0.10807 -0.0302777
    outer loop
      vertex 0.670345 0 1.31366
      vertex 0.697444 0 2.20304
      vertex 0.654672 -0.144104 1.31366
    endloop
  endfacet
  facet normal 0.993682 -0.10807 -0.0302777
    outer loop
      vertex 0.697444 0 2.20304
      vertex 0.681139 -0.14993 2.20304
      vertex 0.654672 -0.144104 1.31366
    endloop
  endfacet
  facet normal 0.947219 -0.319155 -0.0302777
    outer loop
      vertex 0.654672 -0.144104 1.31366
      vertex 0.681139 -0.14993 2.20304
      vertex 0.608388 -0.28147 1.31366
    endloop
  endfacet
  facet normal 0.947219 -0.319155 -0.0302777
    outer loop
      vertex 0.681139 -0.14993 2.20304
      vertex 0.632983 -0.292849 2.20304
      vertex 0.608388 -0.28147 1.31366
    endloop
  endfacet
  facet normal 0.856464 -0.515317 -0.0302777
    outer loop
      vertex 0.608388 -0.28147 1.31366
      vertex 0.632983 -0.292849 2.20304
      vertex 0.533657 -0.405675 1.31366
    endloop
  endfacet
  facet normal 0.856464 -0.515317 -0.0302778
    outer loop
      vertex 0.632983 -0.292849 2.20304
      vertex 0.555231 -0.422075 2.20304
      vertex 0.533657 -0.405675 1.31366
    endloop
  endfacet
  facet normal 0.725663 -0.687384 -0.0302778
    outer loop
      vertex 0.533657 -0.405675 1.31366
      vertex 0.555231 -0.422075 2.20304
      vertex 0.433972 -0.510911 1.31366
    endloop
  endfacet
  facet normal 0.725663 -0.687384 -0.0302777
    outer loop
      vertex 0.555231 -0.422075 2.20304
      vertex 0.451516 -0.531566 2.20304
      vertex 0.433972 -0.510911 1.31366
    endloop
  endfacet
  facet normal 0.56093 -0.82731 -0.0302777
    outer loop
      vertex 0.433972 -0.510911 1.31366
      vertex 0.451516 -0.531566 2.20304
      vertex 0.313995 -0.592258 1.31366
    endloop
  endfacet
  facet normal 0.56093 -0.82731 -0.0302778
    outer loop
      vertex 0.451516 -0.531566 2.20304
      vertex 0.326689 -0.616201 2.20304
      vertex 0.313995 -0.592258 1.31366
    endloop
  endfacet
  facet normal 0.369969 -0.928551 -0.0302778
    outer loop
      vertex 0.313995 -0.592258 1.31366
      vertex 0.326689 -0.616201 2.20304
      vertex 0.179336 -0.645911 1.31366
    endloop
  endfacet
  facet normal 0.369968 -0.928551 -0.0302777
    outer loop
      vertex 0.326689 -0.616201 2.20304
      vertex 0.186586 -0.672023 2.20304
      vertex 0.179336 -0.645911 1.31366
    endloop
  endfacet
  facet normal 0.161708 -0.986374 -0.0302777
    outer loop
      vertex 0.179336 -0.645911 1.31366
      vertex 0.186586 -0.672023 2.20304
      vertex 0.0362917 -0.669362 1.31366
    endloop
  endfacet
  facet normal 0.161708 -0.986374 -0.0302778
    outer loop
      vertex 0.186586 -0.672023 2.20304
      vertex 0.0377589 -0.696422 2.20304
      vertex 0.0362917 -0.669362 1.31366
    endloop
  endfacet
  facet normal -0.0541141 -0.998076 -0.0302778
    outer loop
      vertex 0.0362917 -0.669362 1.31366
      vertex 0.0377589 -0.696422 2.20304
      vertex -0.10845 -0.661514 1.31366
    endloop
  endfacet
  facet normal -0.0541141 -0.998076 -0.0302778
    outer loop
      vertex 0.0377589 -0.696422 2.20304
      vertex -0.112834 -0.688257 2.20304
      vertex -0.10845 -0.661514 1.31366
    endloop
  endfacet
  facet normal -0.267406 -0.963108 -0.0302778
    outer loop
      vertex -0.10845 -0.661514 1.31366
      vertex -0.112834 -0.688257 2.20304
      vertex -0.24812 -0.622735 1.31366
    endloop
  endfacet
  facet normal -0.267406 -0.963108 -0.0302777
    outer loop
      vertex -0.112834 -0.688257 2.20304
      vertex -0.258151 -0.64791 2.20304
      vertex -0.24812 -0.622735 1.31366
    endloop
  endfacet
  facet normal -0.468194 -0.883107 -0.0302778
    outer loop
      vertex -0.24812 -0.622735 1.31366
      vertex -0.258151 -0.64791 2.20304
      vertex -0.376189 -0.554837 1.31366
    endloop
  endfacet
  facet normal -0.468194 -0.883107 -0.0302778
    outer loop
      vertex -0.258151 -0.64791 2.20304
      vertex -0.391397 -0.577267 2.20304
      vertex -0.376189 -0.554837 1.31366
    endloop
  endfacet
  facet normal -0.647089 -0.761813 -0.0302778
    outer loop
      vertex -0.376189 -0.554837 1.31366
      vertex -0.391397 -0.577267 2.20304
      vertex -0.486667 -0.460996 1.31366
    endloop
  endfacet
  facet normal -0.647089 -0.761813 -0.0302778
    outer loop
      vertex -0.391397 -0.577267 2.20304
      vertex -0.506342 -0.479632 2.20304
      vertex -0.486667 -0.460996 1.31366
    endloop
  endfacet
  facet normal -0.795728 -0.604897 -0.0302778
    outer loop
      vertex -0.486667 -0.460996 1.31366
      vertex -0.506342 -0.479632 2.20304
      vertex -0.57439 -0.345599 1.31366
    endloop
  endfacet
  facet normal -0.795728 -0.604897 -0.0302777
    outer loop
      vertex -0.506342 -0.479632 2.20304
      vertex -0.59761 -0.35957 2.20304
      vertex -0.57439 -0.345599 1.31366
    endloop
  endfacet
  facet normal -0.907159 -0.419697 -0.0302777
    outer loop
      vertex -0.57439 -0.345599 1.31366
      vertex -0.59761 -0.35957 2.20304
      vertex -0.635254 -0.214042 1.31366
    endloop
  endfacet
  facet normal -0.907159 -0.419697 -0.0302777
    outer loop
      vertex -0.59761 -0.35957 2.20304
      vertex -0.660935 -0.222695 2.20304
      vertex -0.635254 -0.214042 1.31366
    endloop
  endfacet
  facet normal -0.976173 -0.214872 -0.0302777
    outer loop
      vertex -0.635254 -0.214042 1.31366
      vertex -0.660935 -0.222695 2.20304
      vertex -0.666415 -0.072477 1.31366
    endloop
  endfacet
  facet normal -0.976173 -0.214872 -0.0302778
    outer loop
      vertex -0.660935 -0.222695 2.20304
      vertex -0.693356 -0.075407 2.20304
      vertex -0.666415 -0.072477 1.31366
    endloop
  endfacet
  facet normal -0.999542 0 -0.0302778
    outer loop
      vertex -0.666415 -0.072477 1.31366
      vertex -0.693356 -0.075407 2.20304
      vertex -0.666415 0.072477 1.31366
    endloop
  endfacet
  facet normal -0.999542 0 -0.0302778
    outer loop
      vertex -0.693356 -0.075407 2.20304
      vertex -0.693356 0.075407 2.20304
      vertex -0.666415 0.072477 1.31366
    endloop
  endfacet
  facet normal -0.976173 0.214872 -0.0302778
    outer loop
      vertex -0.666415 0.072477 1.31366
      vertex -0.693356 0.075407 2.20304
      vertex -0.635254 0.214042 1.31366
    endloop
  endfacet
  facet normal -0.976173 0.214872 -0.0302777
    outer loop
      vertex -0.693356 0.075407 2.20304
      vertex -0.660935 0.222695 2.20304
      vertex -0.635254 0.214042 1.31366
    endloop
  endfacet
  facet normal -0.907159 0.419697 -0.0302777
    outer loop
      vertex -0.635254 0.214042 1.31366
      vertex -0.660935 0.222695 2.20304
      vertex -0.57439 0.345599 1.31366
    endloop
  endfacet
  facet normal -0.907159 0.419697 -0.0302777
    outer loop
      vertex -0.660935 0.222695 2.20304
      vertex -0.59761 0.35957 2.20304
      vertex -0.57439 0.345599 1.31366
    endloop
  endfacet
  facet normal -0.795728 0.604897 -0.0302777
    outer loop
      vertex -0.57439 0.345599 1.31366
      vertex -0.59761 0.35957 2.20304
      vertex -0.486667 0.460996 1.31366
    endloop
  endfacet
  facet normal -0.795728 0.604897 -0.0302778
    outer loop
      vertex -0.59761 0.35957 2.20304
      vertex -0.506342 0.479632 2.20304
      vertex -0.486667 0.460996 1.31366
    endloop
  endfacet
  facet normal -0.647089 0.761813 -0.0302778
    outer loop
      vertex -0.486667 0.460996 1.31366
      vertex -0.506342 0.479632 2.20304
      vertex -0.376189 0.554837 1.31366
    endloop
  endfacet
  facet normal -0.647089 0.761813 -0.0302778
    outer loop
      vertex -0.506342 0.479632 2.20304
      vertex -0.391397 0.577267 2.20304
      vertex -0.376189 0.554837 1.31366
    endloop
  endfacet
  facet normal -0.468194 0.883107 -0.0302778
    outer loop
      vertex -0.376189 0.554837 1.31366
      vertex -0.391397 0.577267 2.20304
      vertex -0.24812 0.622735 1.31366
    endloop
  endfacet
  facet normal -0.468194 0.883107 -0.0302778
    outer loop
      vertex -0.391397 0.577267 2.20304
      vertex -0.258151 0.64791 2.20304
      vertex -0.24812 0.622735 1.31366
    endloop
  endfacet
  facet normal -0.267406 0.963108 -0.0302777
    outer loop
      vertex -0.24812 0.622735 1.31366
      vertex -0.258151 0.64791 2.20304
      vertex -0.10845 0.661514 1.31366
    endloop
  endfacet
  facet normal -0.267406 0.963108 -0.0302778
    outer loop
      vertex -0.258151 0.64791 2.20304
      vertex -0.112834 0.688257 2.20304
      vertex -0.10845 0.661514 1.31366
    endloop
  endfacet
  facet normal -0.0541141 0.998076 -0.0302778
    outer loop
      vertex -0.10845 0.661514 1.31366
      vertex -0.112834 0.688257 2.20304
      vertex 0.0362917 0.669362 1.31366
    endloop
  endfacet
  facet normal -0.0541141 0.998076 -0.0302778
    outer loop
      vertex -0.112834 0.688257 2.20304
      vertex 0.0377589 0.696422 2.20304
      vertex 0.0362917 0.669362 1.31366
    endloop
  endfacet
  facet normal 0.161708 0.986374 -0.0302778
    outer loop
      vertex 0.0362917 0.669362 1.31366
      vertex 0.0377589 0.696422 2.20304
      vertex 0.179336 0.645911 1.31366
    endloop
  endfacet
  facet normal 0.161708 0.986374 -0.0302777
    outer loop
      vertex 0.0377589 0.696422 2.20304
      vertex 0.186586 0.672023 2.20304
      vertex 0.179336 0.645911 1.31366
    endloop
  endfacet
  facet normal 0.369969 0.928551 -0.0302777
    outer loop
      vertex 0.179336 0.645911 1.31366
      vertex 0.186586 0.672023 2.20304
      vertex 0.313995 0.592258 1.31366
    endloop
  endfacet
  facet normal 0.369968 0.928551 -0.0302778
    outer loop
      vertex 0.186586 0.672023 2.20304
      vertex 0.326689 0.616201 2.20304
      vertex 0.313995 0.592258 1.31366
    endloop
  endfacet
  facet normal 0.56093 0.82731 -0.0302778
    outer loop
      vertex 0.313995 0.592258 1.31366
      vertex 0.326689 0.616201 2.20304
      vertex 0.433972 0.510911 1.31366
    endloop
  endfacet
  facet normal 0.56093 0.82731 -0.0302777
    outer loop
      vertex 0.326689 0.616201 2.20304
      vertex 0.451516 0.531566 2.20304
      vertex 0.433972 0.510911 1.31366
    endloop
  endfacet
  facet normal 0.725663 0.687384 -0.0302777
    outer loop
      vertex 0.433972 0.510911 1.31366
      vertex 0.451516 0.531566 2.20304
      vertex 0.533657 0.405675 1.31366
    endloop
  endfacet
  facet normal 0.725663 0.687384 -0.0302778
    outer loop
      vertex 0.451516 0.531566 2.20304
      vertex 0.555231 0.422075 2.20304
      vertex 0.533657 0.405675 1.31366
    endloop
  endfacet
  facet normal 0.856464 0.515317 -0.0302778
    outer loop
      vertex 0.533657 0.405675 1.31366
      vertex 0.555231 0.422075 2.20304
      vertex 0.608388 0.28147 1.31366
    endloop
  endfacet
  facet normal 0.856464 0.515317 -0.0302777
    outer loop
      vertex 0.555231 0.422075 2.20304
      vertex 0.632983 0.292849 2.20304
      vertex 0.608388 0.28147 1.31366
    endloop
  endfacet
  facet normal 0.947219 0.319155 -0.0302777
    outer loop
      vertex 0.608388 0.28147 1.31366
      vertex 0.632983 0.292849 2.20304
      vertex 0.654672 0.144104 1.31366
    endloop
  endfacet
  facet normal 0.947219 0.319155 -0.0302777
    outer loop
      vertex 0.632983 0.292849 2.20304
      vertex 0.681139 0.14993 2.20304
      vertex 0.654672 0.144104 1.31366
    endloop
  endfacet
  facet normal 0.993682 0.10807 -0.0302777
    outer loop
      vertex 0.654672 0.144104 1.31366
      vertex 0.681139 0.14993 2.20304
      vertex 0.670345 0 1.31366
    endloop
  endfacet
  facet normal 0.993682 0.10807 -0.0302777
    outer loop
      vertex 0.681139 0.14993 2.20304
      vertex 0.697444 0 2.20304
      vertex 0.670345 0 1.31366
    endloop
  endfacet
  facet normal 0.994132 -0.108118 -0.00358224
    outer loop
      vertex 0.697444 0 2.20304
      vertex 0.700179 0 2.96193
      vertex 0.681139 -0.14993 2.20304
    endloop
  endfacet
  facet normal 0.994132 -0.108118 -0.00358223
    outer loop
      vertex 0.700179 0 2.96193
      vertex 0.683809 -0.150518 2.96193
      vertex 0.681139 -0.14993 2.20304
    endloop
  endfacet
  facet normal 0.947647 -0.3193 -0.00358223
    outer loop
      vertex 0.681139 -0.14993 2.20304
      vertex 0.683809 -0.150518 2.96193
      vertex 0.632983 -0.292849 2.20304
    endloop
  endfacet
  facet normal 0.947647 -0.319299 -0.00358227
    outer loop
      vertex 0.683809 -0.150518 2.96193
      vertex 0.635465 -0.293998 2.96193
      vertex 0.632983 -0.292849 2.20304
    endloop
  endfacet
  facet normal 0.856852 -0.51555 -0.00358226
    outer loop
      vertex 0.632983 -0.292849 2.20304
      vertex 0.635465 -0.293998 2.96193
      vertex 0.555231 -0.422075 2.20304
    endloop
  endfacet
  facet normal 0.856852 -0.515551 -0.00358219
    outer loop
      vertex 0.635465 -0.293998 2.96193
      vertex 0.557408 -0.42373 2.96193
      vertex 0.555231 -0.422075 2.20304
    endloop
  endfacet
  facet normal 0.725991 -0.687695 -0.00358219
    outer loop
      vertex 0.555231 -0.422075 2.20304
      vertex 0.557408 -0.42373 2.96193
      vertex 0.451516 -0.531566 2.20304
    endloop
  endfacet
  facet normal 0.725991 -0.687695 -0.00358222
    outer loop
      vertex 0.557408 -0.42373 2.96193
      vertex 0.453286 -0.53365 2.96193
      vertex 0.451516 -0.531566 2.20304
    endloop
  endfacet
  facet normal 0.561183 -0.827684 -0.00358222
    outer loop
      vertex 0.451516 -0.531566 2.20304
      vertex 0.453286 -0.53365 2.96193
      vertex 0.326689 -0.616201 2.20304
    endloop
  endfacet
  facet normal 0.561183 -0.827684 -0.00358222
    outer loop
      vertex 0.453286 -0.53365 2.96193
      vertex 0.32797 -0.618617 2.96193
      vertex 0.326689 -0.616201 2.20304
    endloop
  endfacet
  facet normal 0.370136 -0.928971 -0.00358222
    outer loop
      vertex 0.326689 -0.616201 2.20304
      vertex 0.32797 -0.618617 2.96193
      vertex 0.186586 -0.672023 2.20304
    endloop
  endfacet
  facet normal 0.370136 -0.928971 -0.00358226
    outer loop
      vertex 0.32797 -0.618617 2.96193
      vertex 0.187318 -0.674657 2.96193
      vertex 0.186586 -0.672023 2.20304
    endloop
  endfacet
  facet normal 0.161781 -0.98682 -0.00358227
    outer loop
      vertex 0.186586 -0.672023 2.20304
      vertex 0.187318 -0.674657 2.96193
      vertex 0.0377589 -0.696422 2.20304
    endloop
  endfacet
  facet normal 0.161781 -0.98682 -0.00358224
    outer loop
      vertex 0.187318 -0.674657 2.96193
      vertex 0.0379069 -0.699152 2.96193
      vertex 0.0377589 -0.696422 2.20304
    endloop
  endfacet
  facet normal -0.0541386 -0.998527 -0.00358224
    outer loop
      vertex 0.0377589 -0.696422 2.20304
      vertex 0.0379069 -0.699152 2.96193
      vertex -0.112834 -0.688257 2.20304
    endloop
  endfacet
  facet normal -0.0541387 -0.998527 -0.00358221
    outer loop
      vertex 0.0379069 -0.699152 2.96193
      vertex -0.113276 -0.690955 2.96193
      vertex -0.112834 -0.688257 2.20304
    endloop
  endfacet
  facet normal -0.267527 -0.963544 -0.00358221
    outer loop
      vertex -0.112834 -0.688257 2.20304
      vertex -0.113276 -0.690955 2.96193
      vertex -0.258151 -0.64791 2.20304
    endloop
  endfacet
  facet normal -0.267527 -0.963544 -0.00358222
    outer loop
      vertex -0.113276 -0.690955 2.96193
      vertex -0.259163 -0.65045 2.96193
      vertex -0.258151 -0.64791 2.20304
    endloop
  endfacet
  facet normal -0.468405 -0.883506 -0.00358222
    outer loop
      vertex -0.258151 -0.64791 2.20304
      vertex -0.259163 -0.65045 2.96193
      vertex -0.391397 -0.577267 2.20304
    endloop
  endfacet
  facet normal -0.468405 -0.883506 -0.00358222
    outer loop
      vertex -0.259163 -0.65045 2.96193
      vertex -0.392931 -0.57953 2.96193
      vertex -0.391397 -0.577267 2.20304
    endloop
  endfacet
  facet normal -0.647382 -0.762157 -0.00358222
    outer loop
      vertex -0.391397 -0.577267 2.20304
      vertex -0.392931 -0.57953 2.96193
      vertex -0.506342 -0.479632 2.20304
    endloop
  endfacet
  facet normal -0.647382 -0.762157 -0.0035822
    outer loop
      vertex -0.392931 -0.57953 2.96193
      vertex -0.508327 -0.481513 2.96193
      vertex -0.506342 -0.479632 2.20304
    endloop
  endfacet
  facet normal -0.796088 -0.60517 -0.0035822
    outer loop
      vertex -0.506342 -0.479632 2.20304
      vertex -0.508327 -0.481513 2.96193
      vertex -0.59761 -0.35957 2.20304
    endloop
  endfacet
  facet normal -0.796088 -0.60517 -0.00358222
    outer loop
      vertex -0.508327 -0.481513 2.96193
      vertex -0.599953 -0.36098 2.96193
      vertex -0.59761 -0.35957 2.20304
    endloop
  endfacet
  facet normal -0.90757 -0.419887 -0.00358222
    outer loop
      vertex -0.59761 -0.35957 2.20304
      vertex -0.599953 -0.36098 2.96193
      vertex -0.660935 -0.222695 2.20304
    endloop
  endfacet
  facet normal -0.907569 -0.419887 -0.00358225
    outer loop
      vertex -0.599953 -0.36098 2.96193
      vertex -0.663527 -0.223568 2.96193
      vertex -0.660935 -0.222695 2.20304
    endloop
  endfacet
  facet normal -0.976614 -0.214969 -0.00358224
    outer loop
      vertex -0.660935 -0.222695 2.20304
      vertex -0.663527 -0.223568 2.96193
      vertex -0.693356 -0.075407 2.20304
    endloop
  endfacet
  facet normal -0.976614 -0.214969 -0.00358225
    outer loop
      vertex -0.663527 -0.223568 2.96193
      vertex -0.696074 -0.0757027 2.96193
      vertex -0.693356 -0.075407 2.20304
    endloop
  endfacet
  facet normal -0.999994 0 -0.00358225
    outer loop
      vertex -0.693356 -0.075407 2.20304
      vertex -0.696074 -0.0757027 2.96193
      vertex -0.693356 0.075407 2.20304
    endloop
  endfacet
  facet normal -0.999994 0 -0.00358225
    outer loop
      vertex -0.696074 -0.0757027 2.96193
      vertex -0.696074 0.0757027 2.96193
      vertex -0.693356 0.075407 2.20304
    endloop
  endfacet
  facet normal -0.976614 0.214969 -0.00358225
    outer loop
      vertex -0.693356 0.075407 2.20304
      vertex -0.696074 0.0757027 2.96193
      vertex -0.660935 0.222695 2.20304
    endloop
  endfacet
  facet normal -0.976614 0.214969 -0.00358224
    outer loop
      vertex -0.696074 0.0757027 2.96193
      vertex -0.663527 0.223568 2.96193
      vertex -0.660935 0.222695 2.20304
    endloop
  endfacet
  facet normal -0.90757 0.419887 -0.00358225
    outer loop
      vertex -0.660935 0.222695 2.20304
      vertex -0.663527 0.223568 2.96193
      vertex -0.59761 0.35957 2.20304
    endloop
  endfacet
  facet normal -0.907569 0.419887 -0.00358222
    outer loop
      vertex -0.663527 0.223568 2.96193
      vertex -0.599953 0.36098 2.96193
      vertex -0.59761 0.35957 2.20304
    endloop
  endfacet
  facet normal -0.796088 0.60517 -0.00358222
    outer loop
      vertex -0.59761 0.35957 2.20304
      vertex -0.599953 0.36098 2.96193
      vertex -0.506342 0.479632 2.20304
    endloop
  endfacet
  facet normal -0.796088 0.60517 -0.0035822
    outer loop
      vertex -0.599953 0.36098 2.96193
      vertex -0.508327 0.481513 2.96193
      vertex -0.506342 0.479632 2.20304
    endloop
  endfacet
  facet normal -0.647382 0.762157 -0.0035822
    outer loop
      vertex -0.506342 0.479632 2.20304
      vertex -0.508327 0.481513 2.96193
      vertex -0.391397 0.577267 2.20304
    endloop
  endfacet
  facet normal -0.647382 0.762157 -0.00358222
    outer loop
      vertex -0.508327 0.481513 2.96193
      vertex -0.392931 0.57953 2.96193
      vertex -0.391397 0.577267 2.20304
    endloop
  endfacet
  facet normal -0.468405 0.883506 -0.00358222
    outer loop
      vertex -0.391397 0.577267 2.20304
      vertex -0.392931 0.57953 2.96193
      vertex -0.258151 0.64791 2.20304
    endloop
  endfacet
  facet normal -0.468405 0.883506 -0.00358222
    outer loop
      vertex -0.392931 0.57953 2.96193
      vertex -0.259163 0.65045 2.96193
      vertex -0.258151 0.64791 2.20304
    endloop
  endfacet
  facet normal -0.267527 0.963544 -0.00358222
    outer loop
      vertex -0.258151 0.64791 2.20304
      vertex -0.259163 0.65045 2.96193
      vertex -0.112834 0.688257 2.20304
    endloop
  endfacet
  facet normal -0.267527 0.963544 -0.00358221
    outer loop
      vertex -0.259163 0.65045 2.96193
      vertex -0.113276 0.690955 2.96193
      vertex -0.112834 0.688257 2.20304
    endloop
  endfacet
  facet normal -0.0541386 0.998527 -0.00358221
    outer loop
      vertex -0.112834 0.688257 2.20304
      vertex -0.113276 0.690955 2.96193
      vertex 0.0377589 0.696422 2.20304
    endloop
  endfacet
  facet normal -0.0541387 0.998527 -0.00358224
    outer loop
      vertex -0.113276 0.690955 2.96193
      vertex 0.0379069 0.699152 2.96193
      vertex 0.0377589 0.696422 2.20304
    endloop
  endfacet
  facet normal 0.161781 0.98682 -0.00358224
    outer loop
      vertex 0.0377589 0.696422 2.20304
      vertex 0.0379069 0.699152 2.96193
      vertex 0.186586 0.672023 2.20304
    endloop
  endfacet
  facet normal 0.161781 0.98682 -0.00358227
    outer loop
      vertex 0.0379069 0.699152 2.96193
      vertex 0.187318 0.674657 2.96193
      vertex 0.186586 0.672023 2.20304
    endloop
  endfacet
  facet normal 0.370136 0.928971 -0.00358226
    outer loop
      vertex 0.186586 0.672023 2.20304
      vertex 0.187318 0.674657 2.96193
      vertex 0.326689 0.616201 2.20304
    endloop
  endfacet
  facet normal 0.370136 0.928971 -0.00358222
    outer loop
      vertex 0.187318 0.674657 2.96193
      vertex 0.32797 0.618617 2.96193
      vertex 0.326689 0.616201 2.20304
    endloop
  endfacet
  facet normal 0.561183 0.827684 -0.00358222
    outer loop
      vertex 0.326689 0.616201 2.20304
      vertex 0.32797 0.618617 2.96193
      vertex 0.451516 0.531566 2.20304
    endloop
  endfacet
  facet normal 0.561183 0.827684 -0.00358222
    outer loop
      vertex 0.32797 0.618617 2.96193
      vertex 0.453286 0.53365 2.96193
      vertex 0.451516 0.531566 2.20304
    endloop
  endfacet
  facet normal 0.725991 0.687695 -0.00358222
    outer loop
      vertex 0.451516 0.531566 2.20304
      vertex 0.453286 0.53365 2.96193
      vertex 0.555231 0.422075 2.20304
    endloop
  endfacet
  facet normal 0.725991 0.687695 -0.00358219
    outer loop
      vertex 0.453286 0.53365 2.96193
      vertex 0.557408 0.42373 2.96193
      vertex 0.555231 0.422075 2.20304
    endloop
  endfacet
  facet normal 0.856852 0.51555 -0.00358219
    outer loop
      vertex 0.555231 0.422075 2.20304
      vertex 0.557408 0.42373 2.96193
      vertex 0.632983 0.292849 2.20304
    endloop
  endfacet
  facet normal 0.856852 0.515551 -0.00358226
    outer loop
      vertex 0.557408 0.42373 2.96193
      vertex 0.635465 0.293998 2.96193
      vertex 0.632983 0.292849 2.20304
    endloop
  endfacet
  facet normal 0.947647 0.3193 -0.00358227
    outer loop
      vertex 0.632983 0.292849 2.20304
      vertex 0.635465 0.293998 2.96193
      vertex 0.681139 0.14993 2.20304
    endloop
  endfacet
  facet normal 0.947647 0.319299 -0.00358223
    outer loop
      vertex 0.635465 0.293998 2.96193
      vertex 0.683809 0.150518 2.96193
      vertex 0.681139 0.14993 2.20304
    endloop
  endfacet
  facet normal 0.994132 0.108118 -0.00358223
    outer loop
      vertex 0.681139 0.14993 2.20304
      vertex 0.683809 0.150518 2.96193
      vertex 0.697444 0 2.20304
    endloop
  endfacet
  facet normal 0.994132 0.108118 -0.00358224
    outer loop
      vertex 0.683809 0.150518 2.96193
      vertex 0.700179 0 2.96193
      vertex 0.697444 0 2.20304
    endloop
  endfacet
  facet normal 0.994138 -0.108119 0.000393365
    outer loop
      vertex 0.700179 0 2.96193
      vertex 0.699782 0 3.9659
      vertex 0.683809 -0.150518 2.96193
    endloop
  endfacet
  facet normal 0.994138 -0.108119 0.00039334
    outer loop
      vertex 0.699782 0 3.9659
      vertex 0.683421 -0.150432 3.9659
      vertex 0.683809 -0.150518 2.96193
    endloop
  endfacet
  facet normal 0.947653 -0.319301 0.000393342
    outer loop
      vertex 0.683809 -0.150518 2.96193
      vertex 0.683421 -0.150432 3.9659
      vertex 0.635465 -0.293998 2.96193
    endloop
  endfacet
  facet normal 0.947653 -0.319302 0.000393385
    outer loop
      vertex 0.683421 -0.150432 3.9659
      vertex 0.635105 -0.293831 3.9659
      vertex 0.635465 -0.293998 2.96193
    endloop
  endfacet
  facet normal 0.856857 -0.515554 0.000393382
    outer loop
      vertex 0.635465 -0.293998 2.96193
      vertex 0.635105 -0.293831 3.9659
      vertex 0.557408 -0.42373 2.96193
    endloop
  endfacet
  facet normal 0.856857 -0.515554 0.000393352
    outer loop
      vertex 0.635105 -0.293831 3.9659
      vertex 0.557091 -0.42349 3.9659
      vertex 0.557408 -0.42373 2.96193
    endloop
  endfacet
  facet normal 0.725995 -0.687699 0.000393357
    outer loop
      vertex 0.557408 -0.42373 2.96193
      vertex 0.557091 -0.42349 3.9659
      vertex 0.453286 -0.53365 2.96193
    endloop
  endfacet
  facet normal 0.725995 -0.687699 0.00039337
    outer loop
      vertex 0.557091 -0.42349 3.9659
      vertex 0.453029 -0.533347 3.9659
      vertex 0.453286 -0.53365 2.96193
    endloop
  endfacet
  facet normal 0.561187 -0.827689 0.000393369
    outer loop
      vertex 0.453286 -0.53365 2.96193
      vertex 0.453029 -0.533347 3.9659
      vertex 0.32797 -0.618617 2.96193
    endloop
  endfacet
  facet normal 0.561187 -0.827689 0.000393356
    outer loop
      vertex 0.453029 -0.533347 3.9659
      vertex 0.327784 -0.618266 3.9659
      vertex 0.32797 -0.618617 2.96193
    endloop
  endfacet
  facet normal 0.370138 -0.928977 0.000393355
    outer loop
      vertex 0.32797 -0.618617 2.96193
      vertex 0.327784 -0.618266 3.9659
      vertex 0.187318 -0.674657 2.96193
    endloop
  endfacet
  facet normal 0.370138 -0.928977 0.000393362
    outer loop
      vertex 0.327784 -0.618266 3.9659
      vertex 0.187211 -0.674275 3.9659
      vertex 0.187318 -0.674657 2.96193
    endloop
  endfacet
  facet normal 0.161782 -0.986826 0.000393363
    outer loop
      vertex 0.187318 -0.674657 2.96193
      vertex 0.187211 -0.674275 3.9659
      vertex 0.0379069 -0.699152 2.96193
    endloop
  endfacet
  facet normal 0.161782 -0.986826 0.000393388
    outer loop
      vertex 0.187211 -0.674275 3.9659
      vertex 0.0378854 -0.698755 3.9659
      vertex 0.0379069 -0.699152 2.96193
    endloop
  endfacet
  facet normal -0.0541391 -0.998533 0.000393389
    outer loop
      vertex 0.0379069 -0.699152 2.96193
      vertex 0.0378854 -0.698755 3.9659
      vertex -0.113276 -0.690955 2.96193
    endloop
  endfacet
  facet normal -0.0541387 -0.998533 0.000393336
    outer loop
      vertex 0.0378854 -0.698755 3.9659
      vertex -0.113212 -0.690563 3.9659
      vertex -0.113276 -0.690955 2.96193
    endloop
  endfacet
  facet normal -0.267528 -0.96355 0.000393335
    outer loop
      vertex -0.113276 -0.690955 2.96193
      vertex -0.113212 -0.690563 3.9659
      vertex -0.259163 -0.65045 2.96193
    endloop
  endfacet
  facet normal -0.267528 -0.96355 0.000393359
    outer loop
      vertex -0.113212 -0.690563 3.9659
      vertex -0.259016 -0.650081 3.9659
      vertex -0.259163 -0.65045 2.96193
    endloop
  endfacet
  facet normal -0.468408 -0.883512 0.000393358
    outer loop
      vertex -0.259163 -0.65045 2.96193
      vertex -0.259016 -0.650081 3.9659
      vertex -0.392931 -0.57953 2.96193
    endloop
  endfacet
  facet normal -0.468408 -0.883512 0.000393354
    outer loop
      vertex -0.259016 -0.650081 3.9659
      vertex -0.392708 -0.579202 3.9659
      vertex -0.392931 -0.57953 2.96193
    endloop
  endfacet
  facet normal -0.647386 -0.762162 0.00039335
    outer loop
      vertex -0.392931 -0.57953 2.96193
      vertex -0.392708 -0.579202 3.9659
      vertex -0.508327 -0.481513 2.96193
    endloop
  endfacet
  facet normal -0.647386 -0.762162 0.000393324
    outer loop
      vertex -0.392708 -0.579202 3.9659
      vertex -0.508038 -0.48124 3.9659
      vertex -0.508327 -0.481513 2.96193
    endloop
  endfacet
  facet normal -0.796093 -0.605174 0.000393326
    outer loop
      vertex -0.508327 -0.481513 2.96193
      vertex -0.508038 -0.48124 3.9659
      vertex -0.599953 -0.36098 2.96193
    endloop
  endfacet
  facet normal -0.796093 -0.605174 0.000393328
    outer loop
      vertex -0.508038 -0.48124 3.9659
      vertex -0.599613 -0.360775 3.9659
      vertex -0.599953 -0.36098 2.96193
    endloop
  endfacet
  facet normal -0.907575 -0.419889 0.000393325
    outer loop
      vertex -0.599953 -0.36098 2.96193
      vertex -0.599613 -0.360775 3.9659
      vertex -0.663527 -0.223568 2.96193
    endloop
  endfacet
  facet normal -0.907575 -0.419889 0.00039339
    outer loop
      vertex -0.599613 -0.360775 3.9659
      vertex -0.66315 -0.223441 3.9659
      vertex -0.663527 -0.223568 2.96193
    endloop
  endfacet
  facet normal -0.97662 -0.21497 0.000393391
    outer loop
      vertex -0.663527 -0.223568 2.96193
      vertex -0.66315 -0.223441 3.9659
      vertex -0.696074 -0.0757027 2.96193
    endloop
  endfacet
  facet normal -0.97662 -0.214971 0.000393365
    outer loop
      vertex -0.66315 -0.223441 3.9659
      vertex -0.69568 -0.0756597 3.9659
      vertex -0.696074 -0.0757027 2.96193
    endloop
  endfacet
  facet normal -1 0 0.000393365
    outer loop
      vertex -0.696074 -0.0757027 2.96193
      vertex -0.69568 -0.0756597 3.9659
      vertex -0.696074 0.0757027 2.96193
    endloop
  endfacet
  facet normal -1 0 0.000393365
    outer loop
      vertex -0.69568 -0.0756597 3.9659
      vertex -0.69568 0.0756597 3.9659
      vertex -0.696074 0.0757027 2.96193
    endloop
  endfacet
  facet normal -0.97662 0.21497 0.000393365
    outer loop
      vertex -0.696074 0.0757027 2.96193
      vertex -0.69568 0.0756597 3.9659
      vertex -0.663527 0.223568 2.96193
    endloop
  endfacet
  facet normal -0.97662 0.214971 0.000393391
    outer loop
      vertex -0.69568 0.0756597 3.9659
      vertex -0.66315 0.223441 3.9659
      vertex -0.663527 0.223568 2.96193
    endloop
  endfacet
  facet normal -0.907575 0.419889 0.00039339
    outer loop
      vertex -0.663527 0.223568 2.96193
      vertex -0.66315 0.223441 3.9659
      vertex -0.599953 0.36098 2.96193
    endloop
  endfacet
  facet normal -0.907575 0.419889 0.000393325
    outer loop
      vertex -0.66315 0.223441 3.9659
      vertex -0.599613 0.360775 3.9659
      vertex -0.599953 0.36098 2.96193
    endloop
  endfacet
  facet normal -0.796093 0.605174 0.000393328
    outer loop
      vertex -0.599953 0.36098 2.96193
      vertex -0.599613 0.360775 3.9659
      vertex -0.508327 0.481513 2.96193
    endloop
  endfacet
  facet normal -0.796093 0.605174 0.000393326
    outer loop
      vertex -0.599613 0.360775 3.9659
      vertex -0.508038 0.48124 3.9659
      vertex -0.508327 0.481513 2.96193
    endloop
  endfacet
  facet normal -0.647386 0.762162 0.000393324
    outer loop
      vertex -0.508327 0.481513 2.96193
      vertex -0.508038 0.48124 3.9659
      vertex -0.392931 0.57953 2.96193
    endloop
  endfacet
  facet normal -0.647386 0.762162 0.00039335
    outer loop
      vertex -0.508038 0.48124 3.9659
      vertex -0.392708 0.579202 3.9659
      vertex -0.392931 0.57953 2.96193
    endloop
  endfacet
  facet normal -0.468408 0.883512 0.000393354
    outer loop
      vertex -0.392931 0.57953 2.96193
      vertex -0.392708 0.579202 3.9659
      vertex -0.259163 0.65045 2.96193
    endloop
  endfacet
  facet normal -0.468408 0.883512 0.000393358
    outer loop
      vertex -0.392708 0.579202 3.9659
      vertex -0.259016 0.650081 3.9659
      vertex -0.259163 0.65045 2.96193
    endloop
  endfacet
  facet normal -0.267528 0.96355 0.000393359
    outer loop
      vertex -0.259163 0.65045 2.96193
      vertex -0.259016 0.650081 3.9659
      vertex -0.113276 0.690955 2.96193
    endloop
  endfacet
  facet normal -0.267528 0.96355 0.000393335
    outer loop
      vertex -0.259016 0.650081 3.9659
      vertex -0.113212 0.690563 3.9659
      vertex -0.113276 0.690955 2.96193
    endloop
  endfacet
  facet normal -0.0541391 0.998533 0.000393336
    outer loop
      vertex -0.113276 0.690955 2.96193
      vertex -0.113212 0.690563 3.9659
      vertex 0.0379069 0.699152 2.96193
    endloop
  endfacet
  facet normal -0.0541387 0.998533 0.000393389
    outer loop
      vertex -0.113212 0.690563 3.9659
      vertex 0.0378854 0.698755 3.9659
      vertex 0.0379069 0.699152 2.96193
    endloop
  endfacet
  facet normal 0.161782 0.986826 0.000393388
    outer loop
      vertex 0.0379069 0.699152 2.96193
      vertex 0.0378854 0.698755 3.9659
      vertex 0.187318 0.674657 2.96193
    endloop
  endfacet
  facet normal 0.161782 0.986826 0.000393363
    outer loop
      vertex 0.0378854 0.698755 3.9659
      vertex 0.187211 0.674275 3.9659
      vertex 0.187318 0.674657 2.96193
    endloop
  endfacet
  facet normal 0.370138 0.928977 0.000393362
    outer loop
      vertex 0.187318 0.674657 2.96193
      vertex 0.187211 0.674275 3.9659
      vertex 0.32797 0.618617 2.96193
    endloop
  endfacet
  facet normal 0.370138 0.928977 0.000393355
    outer loop
      vertex 0.187211 0.674275 3.9659
      vertex 0.327784 0.618266 3.9659
      vertex 0.32797 0.618617 2.96193
    endloop
  endfacet
  facet normal 0.561187 0.827689 0.000393356
    outer loop
      vertex 0.32797 0.618617 2.96193
      vertex 0.327784 0.618266 3.9659
      vertex 0.453286 0.53365 2.96193
    endloop
  endfacet
  facet normal 0.561187 0.827689 0.000393369
    outer loop
      vertex 0.327784 0.618266 3.9659
      vertex 0.453029 0.533347 3.9659
      vertex 0.453286 0.53365 2.96193
    endloop
  endfacet
  facet normal 0.725995 0.687699 0.00039337
    outer loop
      vertex 0.453286 0.53365 2.96193
      vertex 0.453029 0.533347 3.9659
      vertex 0.557408 0.42373 2.96193
    endloop
  endfacet
  facet normal 0.725995 0.687699 0.000393357
    outer loop
      vertex 0.453029 0.533347 3.9659
      vertex 0.557091 0.42349 3.9659
      vertex 0.557408 0.42373 2.96193
    endloop
  endfacet
  facet normal 0.856857 0.515554 0.000393352
    outer loop
      vertex 0.557408 0.42373 2.96193
      vertex 0.557091 0.42349 3.9659
      vertex 0.635465 0.293998 2.96193
    endloop
  endfacet
  facet normal 0.856857 0.515554 0.000393382
    outer loop
      vertex 0.557091 0.42349 3.9659
      vertex 0.635105 0.293831 3.9659
      vertex 0.635465 0.293998 2.96193
    endloop
  endfacet
  facet normal 0.947653 0.319301 0.000393385
    outer loop
      vertex 0.635465 0.293998 2.96193
      vertex 0.635105 0.293831 3.9659
      vertex 0.683809 0.150518 2.96193
    endloop
  endfacet
  facet normal 0.947653 0.319302 0.000393342
    outer loop
      vertex 0.635105 0.293831 3.9659
      vertex 0.683421 0.150432 3.9659
      vertex 0.683809 0.150518 2.96193
    endloop
  endfacet
  facet normal 0.994138 0.108119 0.00039334
    outer loop
      vertex 0.683809 0.150518 2.96193
      vertex 0.683421 0.150432 3.9659
      vertex 0.700179 0 2.96193
    endloop
  endfacet
  facet normal 0.994138 0.108119 0.000393365
    outer loop
      vertex 0.683421 0.150432 3.9659
      vertex 0.699782 0 3.9659
      vertex 0.700179 0 2.96193
    endloop
  endfacet
  facet normal 0.994117 -0.108117 0.00653706
    outer loop
      vertex 0.699782 0 3.9659
      vertex 0.697535 0 4.30758
      vertex 0.683421 -0.150432 3.9659
    endloop
  endfacet
  facet normal 0.994117 -0.108117 0.00653707
    outer loop
      vertex 0.697535 0 4.30758
      vertex 0.681227 -0.149949 4.30758
      vertex 0.683421 -0.150432 3.9659
    endloop
  endfacet
  facet normal 0.947633 -0.319295 0.00653707
    outer loop
      vertex 0.683421 -0.150432 3.9659
      vertex 0.681227 -0.149949 4.30758
      vertex 0.635105 -0.293831 3.9659
    endloop
  endfacet
  facet normal 0.947633 -0.319295 0.00653699
    outer loop
      vertex 0.681227 -0.149949 4.30758
      vertex 0.633066 -0.292887 4.30758
      vertex 0.635105 -0.293831 3.9659
    endloop
  endfacet
  facet normal 0.856839 -0.515543 0.00653699
    outer loop
      vertex 0.635105 -0.293831 3.9659
      vertex 0.633066 -0.292887 4.30758
      vertex 0.557091 -0.42349 3.9659
    endloop
  endfacet
  facet normal 0.856839 -0.515543 0.00653707
    outer loop
      vertex 0.633066 -0.292887 4.30758
      vertex 0.555303 -0.42213 4.30758
      vertex 0.557091 -0.42349 3.9659
    endloop
  endfacet
  facet normal 0.72598 -0.687685 0.00653705
    outer loop
      vertex 0.557091 -0.42349 3.9659
      vertex 0.555303 -0.42213 4.30758
      vertex 0.453029 -0.533347 3.9659
    endloop
  endfacet
  facet normal 0.72598 -0.687685 0.00653699
    outer loop
      vertex 0.555303 -0.42213 4.30758
      vertex 0.451575 -0.531635 4.30758
      vertex 0.453029 -0.533347 3.9659
    endloop
  endfacet
  facet normal 0.561175 -0.827671 0.006537
    outer loop
      vertex 0.453029 -0.533347 3.9659
      vertex 0.451575 -0.531635 4.30758
      vertex 0.327784 -0.618266 3.9659
    endloop
  endfacet
  facet normal 0.561175 -0.827671 0.00653715
    outer loop
      vertex 0.451575 -0.531635 4.30758
      vertex 0.326731 -0.61628 4.30758
      vertex 0.327784 -0.618266 3.9659
    endloop
  endfacet
  facet normal 0.37013 -0.928957 0.00653714
    outer loop
      vertex 0.327784 -0.618266 3.9659
      vertex 0.326731 -0.61628 4.30758
      vertex 0.187211 -0.674275 3.9659
    endloop
  endfacet
  facet normal 0.37013 -0.928957 0.00653703
    outer loop
      vertex 0.326731 -0.61628 4.30758
      vertex 0.18661 -0.67211 4.30758
      vertex 0.187211 -0.674275 3.9659
    endloop
  endfacet
  facet normal 0.161778 -0.986805 0.00653702
    outer loop
      vertex 0.187211 -0.674275 3.9659
      vertex 0.18661 -0.67211 4.30758
      vertex 0.0378854 -0.698755 3.9659
    endloop
  endfacet
  facet normal 0.161778 -0.986805 0.00653703
    outer loop
      vertex 0.18661 -0.67211 4.30758
      vertex 0.0377638 -0.696512 4.30758
      vertex 0.0378854 -0.698755 3.9659
    endloop
  endfacet
  facet normal -0.0541376 -0.998512 0.00653703
    outer loop
      vertex 0.0378854 -0.698755 3.9659
      vertex 0.0377638 -0.696512 4.30758
      vertex -0.113212 -0.690563 3.9659
    endloop
  endfacet
  facet normal -0.0541378 -0.998512 0.00653715
    outer loop
      vertex 0.0377638 -0.696512 4.30758
      vertex -0.112849 -0.688346 4.30758
      vertex -0.113212 -0.690563 3.9659
    endloop
  endfacet
  facet normal -0.267523 -0.963529 0.00653714
    outer loop
      vertex -0.113212 -0.690563 3.9659
      vertex -0.112849 -0.688346 4.30758
      vertex -0.259016 -0.650081 3.9659
    endloop
  endfacet
  facet normal -0.267523 -0.963529 0.00653706
    outer loop
      vertex -0.112849 -0.688346 4.30758
      vertex -0.258184 -0.647994 4.30758
      vertex -0.259016 -0.650081 3.9659
    endloop
  endfacet
  facet normal -0.468398 -0.883493 0.00653707
    outer loop
      vertex -0.259016 -0.650081 3.9659
      vertex -0.258184 -0.647994 4.30758
      vertex -0.392708 -0.579202 3.9659
    endloop
  endfacet
  facet normal -0.468398 -0.883493 0.00653711
    outer loop
      vertex -0.258184 -0.647994 4.30758
      vertex -0.391448 -0.577342 4.30758
      vertex -0.392708 -0.579202 3.9659
    endloop
  endfacet
  facet normal -0.647372 -0.762146 0.00653713
    outer loop
      vertex -0.392708 -0.579202 3.9659
      vertex -0.391448 -0.577342 4.30758
      vertex -0.508038 -0.48124 3.9659
    endloop
  endfacet
  facet normal -0.647372 -0.762146 0.00653709
    outer loop
      vertex -0.391448 -0.577342 4.30758
      vertex -0.506407 -0.479694 4.30758
      vertex -0.508038 -0.48124 3.9659
    endloop
  endfacet
  facet normal -0.796076 -0.605161 0.00653707
    outer loop
      vertex -0.508038 -0.48124 3.9659
      vertex -0.506407 -0.479694 4.30758
      vertex -0.599613 -0.360775 3.9659
    endloop
  endfacet
  facet normal -0.796076 -0.605161 0.00653713
    outer loop
      vertex -0.506407 -0.479694 4.30758
      vertex -0.597688 -0.359617 4.30758
      vertex -0.599613 -0.360775 3.9659
    endloop
  endfacet
  facet normal -0.907556 -0.41988 0.00653714
    outer loop
      vertex -0.599613 -0.360775 3.9659
      vertex -0.597688 -0.359617 4.30758
      vertex -0.66315 -0.223441 3.9659
    endloop
  endfacet
  facet normal -0.907556 -0.41988 0.00653704
    outer loop
      vertex -0.597688 -0.359617 4.30758
      vertex -0.661021 -0.222724 4.30758
      vertex -0.66315 -0.223441 3.9659
    endloop
  endfacet
  facet normal -0.9766 -0.214966 0.00653703
    outer loop
      vertex -0.66315 -0.223441 3.9659
      vertex -0.661021 -0.222724 4.30758
      vertex -0.69568 -0.0756597 3.9659
    endloop
  endfacet
  facet normal -0.9766 -0.214966 0.00653704
    outer loop
      vertex -0.661021 -0.222724 4.30758
      vertex -0.693446 -0.0754168 4.30758
      vertex -0.69568 -0.0756597 3.9659
    endloop
  endfacet
  facet normal -0.999979 0 0.00653704
    outer loop
      vertex -0.69568 -0.0756597 3.9659
      vertex -0.693446 -0.0754168 4.30758
      vertex -0.69568 0.0756597 3.9659
    endloop
  endfacet
  facet normal -0.999979 0 0.00653704
    outer loop
      vertex -0.693446 -0.0754168 4.30758
      vertex -0.693446 0.0754168 4.30758
      vertex -0.69568 0.0756597 3.9659
    endloop
  endfacet
  facet normal -0.9766 0.214966 0.00653704
    outer loop
      vertex -0.69568 0.0756597 3.9659
      vertex -0.693446 0.0754168 4.30758
      vertex -0.66315 0.223441 3.9659
    endloop
  endfacet
  facet normal -0.9766 0.214966 0.00653703
    outer loop
      vertex -0.693446 0.0754168 4.30758
      vertex -0.661021 0.222724 4.30758
      vertex -0.66315 0.223441 3.9659
    endloop
  endfacet
  facet normal -0.907556 0.41988 0.00653704
    outer loop
      vertex -0.66315 0.223441 3.9659
      vertex -0.661021 0.222724 4.30758
      vertex -0.599613 0.360775 3.9659
    endloop
  endfacet
  facet normal -0.907556 0.41988 0.00653714
    outer loop
      vertex -0.661021 0.222724 4.30758
      vertex -0.597688 0.359617 4.30758
      vertex -0.599613 0.360775 3.9659
    endloop
  endfacet
  facet normal -0.796076 0.605161 0.00653713
    outer loop
      vertex -0.599613 0.360775 3.9659
      vertex -0.597688 0.359617 4.30758
      vertex -0.508038 0.48124 3.9659
    endloop
  endfacet
  facet normal -0.796076 0.605161 0.00653707
    outer loop
      vertex -0.597688 0.359617 4.30758
      vertex -0.506407 0.479694 4.30758
      vertex -0.508038 0.48124 3.9659
    endloop
  endfacet
  facet normal -0.647372 0.762146 0.00653709
    outer loop
      vertex -0.508038 0.48124 3.9659
      vertex -0.506407 0.479694 4.30758
      vertex -0.392708 0.579202 3.9659
    endloop
  endfacet
  facet normal -0.647372 0.762146 0.00653713
    outer loop
      vertex -0.506407 0.479694 4.30758
      vertex -0.391448 0.577342 4.30758
      vertex -0.392708 0.579202 3.9659
    endloop
  endfacet
  facet normal -0.468398 0.883493 0.00653711
    outer loop
      vertex -0.392708 0.579202 3.9659
      vertex -0.391448 0.577342 4.30758
      vertex -0.259016 0.650081 3.9659
    endloop
  endfacet
  facet normal -0.468398 0.883493 0.00653707
    outer loop
      vertex -0.391448 0.577342 4.30758
      vertex -0.258184 0.647994 4.30758
      vertex -0.259016 0.650081 3.9659
    endloop
  endfacet
  facet normal -0.267523 0.963529 0.00653706
    outer loop
      vertex -0.259016 0.650081 3.9659
      vertex -0.258184 0.647994 4.30758
      vertex -0.113212 0.690563 3.9659
    endloop
  endfacet
  facet normal -0.267523 0.963529 0.00653714
    outer loop
      vertex -0.258184 0.647994 4.30758
      vertex -0.112849 0.688346 4.30758
      vertex -0.113212 0.690563 3.9659
    endloop
  endfacet
  facet normal -0.0541376 0.998512 0.00653715
    outer loop
      vertex -0.113212 0.690563 3.9659
      vertex -0.112849 0.688346 4.30758
      vertex 0.0378854 0.698755 3.9659
    endloop
  endfacet
  facet normal -0.0541378 0.998512 0.00653703
    outer loop
      vertex -0.112849 0.688346 4.30758
      vertex 0.0377638 0.696512 4.30758
      vertex 0.0378854 0.698755 3.9659
    endloop
  endfacet
  facet normal 0.161778 0.986805 0.00653703
    outer loop
      vertex 0.0378854 0.698755 3.9659
      vertex 0.0377638 0.696512 4.30758
      vertex 0.187211 0.674275 3.9659
    endloop
  endfacet
  facet normal 0.161778 0.986805 0.00653702
    outer loop
      vertex 0.0377638 0.696512 4.30758
      vertex 0.18661 0.67211 4.30758
      vertex 0.187211 0.674275 3.9659
    endloop
  endfacet
  facet normal 0.37013 0.928957 0.00653703
    outer loop
      vertex 0.187211 0.674275 3.9659
      vertex 0.18661 0.67211 4.30758
      vertex 0.327784 0.618266 3.9659
    endloop
  endfacet
  facet normal 0.37013 0.928957 0.00653715
    outer loop
      vertex 0.18661 0.67211 4.30758
      vertex 0.326731 0.61628 4.30758
      vertex 0.327784 0.618266 3.9659
    endloop
  endfacet
  facet normal 0.561175 0.827671 0.00653714
    outer loop
      vertex 0.327784 0.618266 3.9659
      vertex 0.326731 0.61628 4.30758
      vertex 0.453029 0.533347 3.9659
    endloop
  endfacet
  facet normal 0.561175 0.827671 0.006537
    outer loop
      vertex 0.326731 0.61628 4.30758
      vertex 0.451575 0.531635 4.30758
      vertex 0.453029 0.533347 3.9659
    endloop
  endfacet
  facet normal 0.72598 0.687685 0.00653699
    outer loop
      vertex 0.453029 0.533347 3.9659
      vertex 0.451575 0.531635 4.30758
      vertex 0.557091 0.42349 3.9659
    endloop
  endfacet
  facet normal 0.72598 0.687685 0.00653705
    outer loop
      vertex 0.451575 0.531635 4.30758
      vertex 0.555303 0.42213 4.30758
      vertex 0.557091 0.42349 3.9659
    endloop
  endfacet
  facet normal 0.856839 0.515543 0.00653707
    outer loop
      vertex 0.557091 0.42349 3.9659
      vertex 0.555303 0.42213 4.30758
      vertex 0.635105 0.293831 3.9659
    endloop
  endfacet
  facet normal 0.856839 0.515543 0.00653699
    outer loop
      vertex 0.555303 0.42213 4.30758
      vertex 0.633066 0.292887 4.30758
      vertex 0.635105 0.293831 3.9659
    endloop
  endfacet
  facet normal 0.947633 0.319295 0.00653699
    outer loop
      vertex 0.635105 0.293831 3.9659
      vertex 0.633066 0.292887 4.30758
      vertex 0.683421 0.150432 3.9659
    endloop
  endfacet
  facet normal 0.947633 0.319295 0.00653707
    outer loop
      vertex 0.633066 0.292887 4.30758
      vertex 0.681227 0.149949 4.30758
      vertex 0.683421 0.150432 3.9659
    endloop
  endfacet
  facet normal 0.994117 0.108117 0.00653707
    outer loop
      vertex 0.683421 0.150432 3.9659
      vertex 0.681227 0.149949 4.30758
      vertex 0.699782 0 3.9659
    endloop
  endfacet
  facet normal 0.994117 0.108117 0.00653706
    outer loop
      vertex 0.681227 0.149949 4.30758
      vertex 0.697535 0 4.30758
      vertex 0.699782 0 3.9659
    endloop
  endfacet
  facet normal 0.982846 -0.106891 0.15029
    outer loop
      vertex 0.697535 0 4.30758
      vertex 0.686685 0 4.37853
      vertex 0.681227 -0.149949 4.30758
    endloop
  endfacet
  facet normal 0.982846 -0.106891 0.15029
    outer loop
      vertex 0.686685 0 4.37853
      vertex 0.670631 -0.147617 4.37853
      vertex 0.681227 -0.149949 4.30758
    endloop
  endfacet
  facet normal 0.93689 -0.315675 0.15029
    outer loop
      vertex 0.681227 -0.149949 4.30758
      vertex 0.670631 -0.147617 4.37853
      vertex 0.633066 -0.292887 4.30758
    endloop
  endfacet
  facet normal 0.93689 -0.315675 0.15029
    outer loop
      vertex 0.670631 -0.147617 4.37853
      vertex 0.623219 -0.288332 4.37853
      vertex 0.633066 -0.292887 4.30758
    endloop
  endfacet
  facet normal 0.847125 -0.509698 0.15029
    outer loop
      vertex 0.633066 -0.292887 4.30758
      vertex 0.623219 -0.288332 4.37853
      vertex 0.555303 -0.42213 4.30758
    endloop
  endfacet
  facet normal 0.847125 -0.509698 0.15029
    outer loop
      vertex 0.623219 -0.288332 4.37853
      vertex 0.546665 -0.415564 4.37853
      vertex 0.555303 -0.42213 4.30758
    endloop
  endfacet
  facet normal 0.71775 -0.679888 0.15029
    outer loop
      vertex 0.555303 -0.42213 4.30758
      vertex 0.546665 -0.415564 4.37853
      vertex 0.451575 -0.531635 4.30758
    endloop
  endfacet
  facet normal 0.71775 -0.679889 0.150291
    outer loop
      vertex 0.546665 -0.415564 4.37853
      vertex 0.444551 -0.523365 4.37853
      vertex 0.451575 -0.531635 4.30758
    endloop
  endfacet
  facet normal 0.554813 -0.818288 0.150291
    outer loop
      vertex 0.451575 -0.531635 4.30758
      vertex 0.444551 -0.523365 4.37853
      vertex 0.326731 -0.61628 4.30758
    endloop
  endfacet
  facet normal 0.554813 -0.818288 0.15029
    outer loop
      vertex 0.444551 -0.523365 4.37853
      vertex 0.321649 -0.606695 4.37853
      vertex 0.326731 -0.61628 4.30758
    endloop
  endfacet
  facet normal 0.365934 -0.918425 0.15029
    outer loop
      vertex 0.326731 -0.61628 4.30758
      vertex 0.321649 -0.606695 4.37853
      vertex 0.18661 -0.67211 4.30758
    endloop
  endfacet
  facet normal 0.365934 -0.918425 0.15029
    outer loop
      vertex 0.321649 -0.606695 4.37853
      vertex 0.183708 -0.661656 4.37853
      vertex 0.18661 -0.67211 4.30758
    endloop
  endfacet
  facet normal 0.159944 -0.975618 0.15029
    outer loop
      vertex 0.18661 -0.67211 4.30758
      vertex 0.183708 -0.661656 4.37853
      vertex 0.0377638 -0.696512 4.30758
    endloop
  endfacet
  facet normal 0.159945 -0.975618 0.15029
    outer loop
      vertex 0.183708 -0.661656 4.37853
      vertex 0.0371764 -0.685678 4.37853
      vertex 0.0377638 -0.696512 4.30758
    endloop
  endfacet
  facet normal -0.0535241 -0.987192 0.15029
    outer loop
      vertex 0.0377638 -0.696512 4.30758
      vertex 0.0371764 -0.685678 4.37853
      vertex -0.112849 -0.688346 4.30758
    endloop
  endfacet
  facet normal -0.0535243 -0.987192 0.15029
    outer loop
      vertex 0.0371764 -0.685678 4.37853
      vertex -0.111093 -0.677639 4.37853
      vertex -0.112849 -0.688346 4.30758
    endloop
  endfacet
  facet normal -0.26449 -0.952606 0.15029
    outer loop
      vertex -0.112849 -0.688346 4.30758
      vertex -0.111093 -0.677639 4.37853
      vertex -0.258184 -0.647994 4.30758
    endloop
  endfacet
  facet normal -0.26449 -0.952606 0.15029
    outer loop
      vertex -0.111093 -0.677639 4.37853
      vertex -0.254168 -0.637915 4.37853
      vertex -0.258184 -0.647994 4.30758
    endloop
  endfacet
  facet normal -0.463088 -0.873477 0.15029
    outer loop
      vertex -0.258184 -0.647994 4.30758
      vertex -0.254168 -0.637915 4.37853
      vertex -0.391448 -0.577342 4.30758
    endloop
  endfacet
  facet normal -0.463088 -0.873477 0.15029
    outer loop
      vertex -0.254168 -0.637915 4.37853
      vertex -0.385359 -0.568362 4.37853
      vertex -0.391448 -0.577342 4.30758
    endloop
  endfacet
  facet normal -0.640033 -0.753505 0.15029
    outer loop
      vertex -0.391448 -0.577342 4.30758
      vertex -0.385359 -0.568362 4.37853
      vertex -0.506407 -0.479694 4.30758
    endloop
  endfacet
  facet normal -0.640033 -0.753506 0.15029
    outer loop
      vertex -0.385359 -0.568362 4.37853
      vertex -0.49853 -0.472233 4.37853
      vertex -0.506407 -0.479694 4.30758
    endloop
  endfacet
  facet normal -0.787051 -0.5983 0.15029
    outer loop
      vertex -0.506407 -0.479694 4.30758
      vertex -0.49853 -0.472233 4.37853
      vertex -0.597688 -0.359617 4.30758
    endloop
  endfacet
  facet normal -0.787051 -0.5983 0.15029
    outer loop
      vertex -0.49853 -0.472233 4.37853
      vertex -0.588391 -0.354023 4.37853
      vertex -0.597688 -0.359617 4.30758
    endloop
  endfacet
  facet normal -0.897267 -0.41512 0.15029
    outer loop
      vertex -0.597688 -0.359617 4.30758
      vertex -0.588391 -0.354023 4.37853
      vertex -0.661021 -0.222724 4.30758
    endloop
  endfacet
  facet normal -0.897267 -0.41512 0.15029
    outer loop
      vertex -0.588391 -0.354023 4.37853
      vertex -0.650739 -0.21926 4.37853
      vertex -0.661021 -0.222724 4.30758
    endloop
  endfacet
  facet normal -0.965528 -0.212529 0.15029
    outer loop
      vertex -0.661021 -0.222724 4.30758
      vertex -0.650739 -0.21926 4.37853
      vertex -0.693446 -0.0754168 4.30758
    endloop
  endfacet
  facet normal -0.965528 -0.212529 0.150291
    outer loop
      vertex -0.650739 -0.21926 4.37853
      vertex -0.68266 -0.0742437 4.37853
      vertex -0.693446 -0.0754168 4.30758
    endloop
  endfacet
  facet normal -0.988642 0 0.150291
    outer loop
      vertex -0.693446 -0.0754168 4.30758
      vertex -0.68266 -0.0742437 4.37853
      vertex -0.693446 0.0754168 4.30758
    endloop
  endfacet
  facet normal -0.988642 0 0.150291
    outer loop
      vertex -0.68266 -0.0742437 4.37853
      vertex -0.68266 0.0742437 4.37853
      vertex -0.693446 0.0754168 4.30758
    endloop
  endfacet
  facet normal -0.965528 0.212529 0.150291
    outer loop
      vertex -0.693446 0.0754168 4.30758
      vertex -0.68266 0.0742437 4.37853
      vertex -0.661021 0.222724 4.30758
    endloop
  endfacet
  facet normal -0.965528 0.212529 0.15029
    outer loop
      vertex -0.68266 0.0742437 4.37853
      vertex -0.650739 0.21926 4.37853
      vertex -0.661021 0.222724 4.30758
    endloop
  endfacet
  facet normal -0.897267 0.41512 0.15029
    outer loop
      vertex -0.661021 0.222724 4.30758
      vertex -0.650739 0.21926 4.37853
      vertex -0.597688 0.359617 4.30758
    endloop
  endfacet
  facet normal -0.897267 0.41512 0.15029
    outer loop
      vertex -0.650739 0.21926 4.37853
      vertex -0.588391 0.354023 4.37853
      vertex -0.597688 0.359617 4.30758
    endloop
  endfacet
  facet normal -0.787051 0.5983 0.15029
    outer loop
      vertex -0.597688 0.359617 4.30758
      vertex -0.588391 0.354023 4.37853
      vertex -0.506407 0.479694 4.30758
    endloop
  endfacet
  facet normal -0.787051 0.5983 0.15029
    outer loop
      vertex -0.588391 0.354023 4.37853
      vertex -0.49853 0.472233 4.37853
      vertex -0.506407 0.479694 4.30758
    endloop
  endfacet
  facet normal -0.640033 0.753505 0.15029
    outer loop
      vertex -0.506407 0.479694 4.30758
      vertex -0.49853 0.472233 4.37853
      vertex -0.391448 0.577342 4.30758
    endloop
  endfacet
  facet normal -0.640033 0.753505 0.15029
    outer loop
      vertex -0.49853 0.472233 4.37853
      vertex -0.385359 0.568362 4.37853
      vertex -0.391448 0.577342 4.30758
    endloop
  endfacet
  facet normal -0.463088 0.873477 0.15029
    outer loop
      vertex -0.391448 0.577342 4.30758
      vertex -0.385359 0.568362 4.37853
      vertex -0.258184 0.647994 4.30758
    endloop
  endfacet
  facet normal -0.463088 0.873477 0.15029
    outer loop
      vertex -0.385359 0.568362 4.37853
      vertex -0.254168 0.637915 4.37853
      vertex -0.258184 0.647994 4.30758
    endloop
  endfacet
  facet normal -0.26449 0.952606 0.15029
    outer loop
      vertex -0.258184 0.647994 4.30758
      vertex -0.254168 0.637915 4.37853
      vertex -0.112849 0.688346 4.30758
    endloop
  endfacet
  facet normal -0.26449 0.952606 0.15029
    outer loop
      vertex -0.254168 0.637915 4.37853
      vertex -0.111093 0.677639 4.37853
      vertex -0.112849 0.688346 4.30758
    endloop
  endfacet
  facet normal -0.0535241 0.987192 0.15029
    outer loop
      vertex -0.112849 0.688346 4.30758
      vertex -0.111093 0.677639 4.37853
      vertex 0.0377638 0.696512 4.30758
    endloop
  endfacet
  facet normal -0.0535243 0.987192 0.15029
    outer loop
      vertex -0.111093 0.677639 4.37853
      vertex 0.0371764 0.685678 4.37853
      vertex 0.0377638 0.696512 4.30758
    endloop
  endfacet
  facet normal 0.159944 0.975618 0.15029
    outer loop
      vertex 0.0377638 0.696512 4.30758
      vertex 0.0371764 0.685678 4.37853
      vertex 0.18661 0.67211 4.30758
    endloop
  endfacet
  facet normal 0.159945 0.975618 0.15029
    outer loop
      vertex 0.0371764 0.685678 4.37853
      vertex 0.183708 0.661656 4.37853
      vertex 0.18661 0.67211 4.30758
    endloop
  endfacet
  facet normal 0.365934 0.918425 0.15029
    outer loop
      vertex 0.18661 0.67211 4.30758
      vertex 0.183708 0.661656 4.37853
      vertex 0.326731 0.61628 4.30758
    endloop
  endfacet
  facet normal 0.365934 0.918425 0.15029
    outer loop
      vertex 0.183708 0.661656 4.37853
      vertex 0.321649 0.606695 4.37853
      vertex 0.326731 0.61628 4.30758
    endloop
  endfacet
  facet normal 0.554813 0.818288 0.15029
    outer loop
      vertex 0.326731 0.61628 4.30758
      vertex 0.321649 0.606695 4.37853
      vertex 0.451575 0.531635 4.30758
    endloop
  endfacet
  facet normal 0.554813 0.818288 0.150291
    outer loop
      vertex 0.321649 0.606695 4.37853
      vertex 0.444551 0.523365 4.37853
      vertex 0.451575 0.531635 4.30758
    endloop
  endfacet
  facet normal 0.71775 0.679888 0.150291
    outer loop
      vertex 0.451575 0.531635 4.30758
      vertex 0.444551 0.523365 4.37853
      vertex 0.555303 0.42213 4.30758
    endloop
  endfacet
  facet normal 0.71775 0.679889 0.15029
    outer loop
      vertex 0.444551 0.523365 4.37853
      vertex 0.546665 0.415564 4.37853
      vertex 0.555303 0.42213 4.30758
    endloop
  endfacet
  facet normal 0.847125 0.509698 0.15029
    outer loop
      vertex 0.555303 0.42213 4.30758
      vertex 0.546665 0.415564 4.37853
      vertex 0.633066 0.292887 4.30758
    endloop
  endfacet
  facet normal 0.847125 0.509698 0.15029
    outer loop
      vertex 0.546665 0.415564 4.37853
      vertex 0.623219 0.288332 4.37853
      vertex 0.633066 0.292887 4.30758
    endloop
  endfacet
  facet normal 0.93689 0.315675 0.15029
    outer loop
      vertex 0.633066 0.292887 4.30758
      vertex 0.623219 0.288332 4.37853
      vertex 0.681227 0.149949 4.30758
    endloop
  endfacet
  facet normal 0.93689 0.315675 0.15029
    outer loop
      vertex 0.623219 0.288332 4.37853
      vertex 0.670631 0.147617 4.37853
      vertex 0.681227 0.149949 4.30758
    endloop
  endfacet
  facet normal 0.982846 0.106891 0.15029
    outer loop
      vertex 0.681227 0.149949 4.30758
      vertex 0.670631 0.147617 4.37853
      vertex 0.697535 0 4.30758
    endloop
  endfacet
  facet normal 0.982846 0.106891 0.15029
    outer loop
      vertex 0.670631 0.147617 4.37853
      vertex 0.686685 0 4.37853
      vertex 0.697535 0 4.30758
    endloop
  endfacet
  facet normal 0.934889 -0.101675 0.340066
    outer loop
      vertex 0.686685 0 4.37853
      vertex 0.672649 0 4.41712
      vertex 0.670631 -0.147617 4.37853
    endloop
  endfacet
  facet normal 0.934889 -0.101675 0.340066
    outer loop
      vertex 0.672649 0 4.41712
      vertex 0.656923 -0.1446 4.41712
      vertex 0.670631 -0.147617 4.37853
    endloop
  endfacet
  facet normal 0.891174 -0.300272 0.340066
    outer loop
      vertex 0.670631 -0.147617 4.37853
      vertex 0.656923 -0.1446 4.41712
      vertex 0.623219 -0.288332 4.37853
    endloop
  endfacet
  facet normal 0.891174 -0.300272 0.340066
    outer loop
      vertex 0.656923 -0.1446 4.41712
      vertex 0.61048 -0.282438 4.41712
      vertex 0.623219 -0.288332 4.37853
    endloop
  endfacet
  facet normal 0.80579 -0.484828 0.340066
    outer loop
      vertex 0.623219 -0.288332 4.37853
      vertex 0.61048 -0.282438 4.41712
      vertex 0.546665 -0.415564 4.37853
    endloop
  endfacet
  facet normal 0.80579 -0.484828 0.340066
    outer loop
      vertex 0.61048 -0.282438 4.41712
      vertex 0.535491 -0.40707 4.41712
      vertex 0.546665 -0.415564 4.37853
    endloop
  endfacet
  facet normal 0.682727 -0.646714 0.340066
    outer loop
      vertex 0.546665 -0.415564 4.37853
      vertex 0.535491 -0.40707 4.41712
      vertex 0.444551 -0.523365 4.37853
    endloop
  endfacet
  facet normal 0.682728 -0.646714 0.340065
    outer loop
      vertex 0.535491 -0.40707 4.41712
      vertex 0.435464 -0.512668 4.41712
      vertex 0.444551 -0.523365 4.37853
    endloop
  endfacet
  facet normal 0.527741 -0.77836 0.340065
    outer loop
      vertex 0.444551 -0.523365 4.37853
      vertex 0.435464 -0.512668 4.41712
      vertex 0.321649 -0.606695 4.37853
    endloop
  endfacet
  facet normal 0.527741 -0.77836 0.340066
    outer loop
      vertex 0.435464 -0.512668 4.41712
      vertex 0.315075 -0.594294 4.41712
      vertex 0.321649 -0.606695 4.37853
    endloop
  endfacet
  facet normal 0.348079 -0.873611 0.340066
    outer loop
      vertex 0.321649 -0.606695 4.37853
      vertex 0.315075 -0.594294 4.41712
      vertex 0.183708 -0.661656 4.37853
    endloop
  endfacet
  facet normal 0.348079 -0.873611 0.340065
    outer loop
      vertex 0.315075 -0.594294 4.41712
      vertex 0.179953 -0.648131 4.41712
      vertex 0.183708 -0.661656 4.37853
    endloop
  endfacet
  facet normal 0.15214 -0.928013 0.340065
    outer loop
      vertex 0.183708 -0.661656 4.37853
      vertex 0.179953 -0.648131 4.41712
      vertex 0.0371764 -0.685678 4.37853
    endloop
  endfacet
  facet normal 0.15214 -0.928013 0.340066
    outer loop
      vertex 0.179953 -0.648131 4.41712
      vertex 0.0364165 -0.671663 4.41712
      vertex 0.0371764 -0.685678 4.37853
    endloop
  endfacet
  facet normal -0.0509126 -0.939022 0.340066
    outer loop
      vertex 0.0371764 -0.685678 4.37853
      vertex 0.0364165 -0.671663 4.41712
      vertex -0.111093 -0.677639 4.37853
    endloop
  endfacet
  facet normal -0.0509122 -0.939023 0.340065
    outer loop
      vertex 0.0364165 -0.671663 4.41712
      vertex -0.108823 -0.663788 4.41712
      vertex -0.111093 -0.677639 4.37853
    endloop
  endfacet
  facet normal -0.251584 -0.906124 0.340065
    outer loop
      vertex -0.111093 -0.677639 4.37853
      vertex -0.108823 -0.663788 4.41712
      vertex -0.254168 -0.637915 4.37853
    endloop
  endfacet
  facet normal -0.251584 -0.906124 0.340065
    outer loop
      vertex -0.108823 -0.663788 4.41712
      vertex -0.248973 -0.624875 4.41712
      vertex -0.254168 -0.637915 4.37853
    endloop
  endfacet
  facet normal -0.440492 -0.830856 0.340065
    outer loop
      vertex -0.254168 -0.637915 4.37853
      vertex -0.248973 -0.624875 4.41712
      vertex -0.385359 -0.568362 4.37853
    endloop
  endfacet
  facet normal -0.440492 -0.830856 0.340066
    outer loop
      vertex -0.248973 -0.624875 4.41712
      vertex -0.377482 -0.556744 4.41712
      vertex -0.385359 -0.568362 4.37853
    endloop
  endfacet
  facet normal -0.608803 -0.716739 0.340066
    outer loop
      vertex -0.385359 -0.568362 4.37853
      vertex -0.377482 -0.556744 4.41712
      vertex -0.49853 -0.472233 4.37853
    endloop
  endfacet
  facet normal -0.608803 -0.716738 0.340066
    outer loop
      vertex -0.377482 -0.556744 4.41712
      vertex -0.48834 -0.46258 4.41712
      vertex -0.49853 -0.472233 4.37853
    endloop
  endfacet
  facet normal -0.748647 -0.569106 0.340067
    outer loop
      vertex -0.49853 -0.472233 4.37853
      vertex -0.48834 -0.46258 4.41712
      vertex -0.588391 -0.354023 4.37853
    endloop
  endfacet
  facet normal -0.748647 -0.569107 0.340066
    outer loop
      vertex -0.48834 -0.46258 4.41712
      vertex -0.576364 -0.346787 4.41712
      vertex -0.588391 -0.354023 4.37853
    endloop
  endfacet
  facet normal -0.853485 -0.394864 0.340066
    outer loop
      vertex -0.588391 -0.354023 4.37853
      vertex -0.576364 -0.346787 4.41712
      vertex -0.650739 -0.21926 4.37853
    endloop
  endfacet
  facet normal -0.853485 -0.394864 0.340066
    outer loop
      vertex -0.576364 -0.346787 4.41712
      vertex -0.637438 -0.214778 4.41712
      vertex -0.650739 -0.21926 4.37853
    endloop
  endfacet
  facet normal -0.918416 -0.202159 0.340066
    outer loop
      vertex -0.650739 -0.21926 4.37853
      vertex -0.637438 -0.214778 4.41712
      vertex -0.68266 -0.0742437 4.37853
    endloop
  endfacet
  facet normal -0.918416 -0.202159 0.340065
    outer loop
      vertex -0.637438 -0.214778 4.41712
      vertex -0.668706 -0.0727262 4.41712
      vertex -0.68266 -0.0742437 4.37853
    endloop
  endfacet
  facet normal -0.940402 0 0.340065
    outer loop
      vertex -0.68266 -0.0742437 4.37853
      vertex -0.668706 -0.0727262 4.41712
      vertex -0.68266 0.0742437 4.37853
    endloop
  endfacet
  facet normal -0.940402 0 0.340065
    outer loop
      vertex -0.668706 -0.0727262 4.41712
      vertex -0.668706 0.0727262 4.41712
      vertex -0.68266 0.0742437 4.37853
    endloop
  endfacet
  facet normal -0.918416 0.202159 0.340065
    outer loop
      vertex -0.68266 0.0742437 4.37853
      vertex -0.668706 0.0727262 4.41712
      vertex -0.650739 0.21926 4.37853
    endloop
  endfacet
  facet normal -0.918416 0.202159 0.340066
    outer loop
      vertex -0.668706 0.0727262 4.41712
      vertex -0.637438 0.214778 4.41712
      vertex -0.650739 0.21926 4.37853
    endloop
  endfacet
  facet normal -0.853485 0.394864 0.340066
    outer loop
      vertex -0.650739 0.21926 4.37853
      vertex -0.637438 0.214778 4.41712
      vertex -0.588391 0.354023 4.37853
    endloop
  endfacet
  facet normal -0.853485 0.394864 0.340066
    outer loop
      vertex -0.637438 0.214778 4.41712
      vertex -0.576364 0.346787 4.41712
      vertex -0.588391 0.354023 4.37853
    endloop
  endfacet
  facet normal -0.748647 0.569107 0.340066
    outer loop
      vertex -0.588391 0.354023 4.37853
      vertex -0.576364 0.346787 4.41712
      vertex -0.49853 0.472233 4.37853
    endloop
  endfacet
  facet normal -0.748647 0.569107 0.340067
    outer loop
      vertex -0.576364 0.346787 4.41712
      vertex -0.48834 0.46258 4.41712
      vertex -0.49853 0.472233 4.37853
    endloop
  endfacet
  facet normal -0.608803 0.716738 0.340066
    outer loop
      vertex -0.49853 0.472233 4.37853
      vertex -0.48834 0.46258 4.41712
      vertex -0.385359 0.568362 4.37853
    endloop
  endfacet
  facet normal -0.608803 0.716738 0.340066
    outer loop
      vertex -0.48834 0.46258 4.41712
      vertex -0.377482 0.556744 4.41712
      vertex -0.385359 0.568362 4.37853
    endloop
  endfacet
  facet normal -0.440492 0.830856 0.340066
    outer loop
      vertex -0.385359 0.568362 4.37853
      vertex -0.377482 0.556744 4.41712
      vertex -0.254168 0.637915 4.37853
    endloop
  endfacet
  facet normal -0.440492 0.830856 0.340065
    outer loop
      vertex -0.377482 0.556744 4.41712
      vertex -0.248973 0.624875 4.41712
      vertex -0.254168 0.637915 4.37853
    endloop
  endfacet
  facet normal -0.251584 0.906124 0.340065
    outer loop
      vertex -0.254168 0.637915 4.37853
      vertex -0.248973 0.624875 4.41712
      vertex -0.111093 0.677639 4.37853
    endloop
  endfacet
  facet normal -0.251584 0.906124 0.340065
    outer loop
      vertex -0.248973 0.624875 4.41712
      vertex -0.108823 0.663788 4.41712
      vertex -0.111093 0.677639 4.37853
    endloop
  endfacet
  facet normal -0.0509126 0.939023 0.340065
    outer loop
      vertex -0.111093 0.677639 4.37853
      vertex -0.108823 0.663788 4.41712
      vertex 0.0371764 0.685678 4.37853
    endloop
  endfacet
  facet normal -0.0509122 0.939022 0.340066
    outer loop
      vertex -0.108823 0.663788 4.41712
      vertex 0.0364165 0.671663 4.41712
      vertex 0.0371764 0.685678 4.37853
    endloop
  endfacet
  facet normal 0.15214 0.928013 0.340066
    outer loop
      vertex 0.0371764 0.685678 4.37853
      vertex 0.0364165 0.671663 4.41712
      vertex 0.183708 0.661656 4.37853
    endloop
  endfacet
  facet normal 0.15214 0.928014 0.340065
    outer loop
      vertex 0.0364165 0.671663 4.41712
      vertex 0.179953 0.648131 4.41712
      vertex 0.183708 0.661656 4.37853
    endloop
  endfacet
  facet normal 0.348079 0.873611 0.340065
    outer loop
      vertex 0.183708 0.661656 4.37853
      vertex 0.179953 0.648131 4.41712
      vertex 0.321649 0.606695 4.37853
    endloop
  endfacet
  facet normal 0.348079 0.873611 0.340066
    outer loop
      vertex 0.179953 0.648131 4.41712
      vertex 0.315075 0.594294 4.41712
      vertex 0.321649 0.606695 4.37853
    endloop
  endfacet
  facet normal 0.527741 0.77836 0.340066
    outer loop
      vertex 0.321649 0.606695 4.37853
      vertex 0.315075 0.594294 4.41712
      vertex 0.444551 0.523365 4.37853
    endloop
  endfacet
  facet normal 0.527741 0.77836 0.340065
    outer loop
      vertex 0.315075 0.594294 4.41712
      vertex 0.435464 0.512668 4.41712
      vertex 0.444551 0.523365 4.37853
    endloop
  endfacet
  facet normal 0.682728 0.646714 0.340065
    outer loop
      vertex 0.444551 0.523365 4.37853
      vertex 0.435464 0.512668 4.41712
      vertex 0.546665 0.415564 4.37853
    endloop
  endfacet
  facet normal 0.682727 0.646714 0.340066
    outer loop
      vertex 0.435464 0.512668 4.41712
      vertex 0.535491 0.40707 4.41712
      vertex 0.546665 0.415564 4.37853
    endloop
  endfacet
  facet normal 0.80579 0.484828 0.340066
    outer loop
      vertex 0.546665 0.415564 4.37853
      vertex 0.535491 0.40707 4.41712
      vertex 0.623219 0.288332 4.37853
    endloop
  endfacet
  facet normal 0.80579 0.484828 0.340066
    outer loop
      vertex 0.535491 0.40707 4.41712
      vertex 0.61048 0.282438 4.41712
      vertex 0.623219 0.288332 4.37853
    endloop
  endfacet
  facet normal 0.891174 0.300272 0.340066
    outer loop
      vertex 0.623219 0.288332 4.37853
      vertex 0.61048 0.282438 4.41712
      vertex 0.670631 0.147617 4.37853
    endloop
  endfacet
  facet normal 0.891174 0.300272 0.340066
    outer loop
      vertex 0.61048 0.282438 4.41712
      vertex 0.656923 0.1446 4.41712
      vertex 0.670631 0.147617 4.37853
    endloop
  endfacet
  facet normal 0.934889 0.101675 0.340066
    outer loop
      vertex 0.670631 0.147617 4.37853
      vertex 0.656923 0.1446 4.41712
      vertex 0.686685 0 4.37853
    endloop
  endfacet
  facet normal 0.934889 0.101675 0.340066
    outer loop
      vertex 0.656923 0.1446 4.41712
      vertex 0.672649 0 4.41712
      vertex 0.686685 0 4.37853
    endloop
  endfacet
  facet normal 0.817164 -0.0888719 0.569513
    outer loop
      vertex 0.672649 0 4.41712
      vertex 0.646663 0 4.4544
      vertex 0.656923 -0.1446 4.41712
    endloop
  endfacet
  facet normal 0.817163 -0.0888721 0.569514
    outer loop
      vertex 0.646663 0 4.4544
      vertex 0.631545 -0.139013 4.4544
      vertex 0.656923 -0.1446 4.41712
    endloop
  endfacet
  facet normal 0.778954 -0.26246 0.569514
    outer loop
      vertex 0.656923 -0.1446 4.41712
      vertex 0.631545 -0.139013 4.4544
      vertex 0.61048 -0.282438 4.41712
    endloop
  endfacet
  facet normal 0.778954 -0.26246 0.569514
    outer loop
      vertex 0.631545 -0.139013 4.4544
      vertex 0.586896 -0.271527 4.4544
      vertex 0.61048 -0.282438 4.41712
    endloop
  endfacet
  facet normal 0.704321 -0.423776 0.569514
    outer loop
      vertex 0.61048 -0.282438 4.41712
      vertex 0.586896 -0.271527 4.4544
      vertex 0.535491 -0.40707 4.41712
    endloop
  endfacet
  facet normal 0.704321 -0.423776 0.569514
    outer loop
      vertex 0.586896 -0.271527 4.4544
      vertex 0.514804 -0.391344 4.4544
      vertex 0.535491 -0.40707 4.41712
    endloop
  endfacet
  facet normal 0.596755 -0.565276 0.569514
    outer loop
      vertex 0.535491 -0.40707 4.41712
      vertex 0.514804 -0.391344 4.4544
      vertex 0.435464 -0.512668 4.41712
    endloop
  endfacet
  facet normal 0.596755 -0.565276 0.569514
    outer loop
      vertex 0.514804 -0.391344 4.4544
      vertex 0.418641 -0.492862 4.4544
      vertex 0.435464 -0.512668 4.41712
    endloop
  endfacet
  facet normal 0.461285 -0.680345 0.569514
    outer loop
      vertex 0.435464 -0.512668 4.41712
      vertex 0.418641 -0.492862 4.4544
      vertex 0.315075 -0.594294 4.41712
    endloop
  endfacet
  facet normal 0.461286 -0.680345 0.569514
    outer loop
      vertex 0.418641 -0.492862 4.4544
      vertex 0.302903 -0.571335 4.4544
      vertex 0.315075 -0.594294 4.41712
    endloop
  endfacet
  facet normal 0.304247 -0.763602 0.569514
    outer loop
      vertex 0.315075 -0.594294 4.41712
      vertex 0.302903 -0.571335 4.4544
      vertex 0.179953 -0.648131 4.41712
    endloop
  endfacet
  facet normal 0.304247 -0.763602 0.569514
    outer loop
      vertex 0.302903 -0.571335 4.4544
      vertex 0.173001 -0.623092 4.4544
      vertex 0.179953 -0.648131 4.41712
    endloop
  endfacet
  facet normal 0.132982 -0.811153 0.569514
    outer loop
      vertex 0.179953 -0.648131 4.41712
      vertex 0.173001 -0.623092 4.4544
      vertex 0.0364165 -0.671663 4.41712
    endloop
  endfacet
  facet normal 0.132982 -0.811154 0.569514
    outer loop
      vertex 0.173001 -0.623092 4.4544
      vertex 0.0350096 -0.645715 4.4544
      vertex 0.0364165 -0.671663 4.41712
    endloop
  endfacet
  facet normal -0.0445011 -0.820776 0.569514
    outer loop
      vertex 0.0364165 -0.671663 4.41712
      vertex 0.0350096 -0.645715 4.4544
      vertex -0.108823 -0.663788 4.41712
    endloop
  endfacet
  facet normal -0.0445011 -0.820776 0.569514
    outer loop
      vertex 0.0350096 -0.645715 4.4544
      vertex -0.104618 -0.638145 4.4544
      vertex -0.108823 -0.663788 4.41712
    endloop
  endfacet
  facet normal -0.219903 -0.792021 0.569514
    outer loop
      vertex -0.108823 -0.663788 4.41712
      vertex -0.104618 -0.638145 4.4544
      vertex -0.248973 -0.624875 4.41712
    endloop
  endfacet
  facet normal -0.219903 -0.79202 0.569514
    outer loop
      vertex -0.104618 -0.638145 4.4544
      vertex -0.239355 -0.600735 4.4544
      vertex -0.248973 -0.624875 4.41712
    endloop
  endfacet
  facet normal -0.385023 -0.726231 0.569514
    outer loop
      vertex -0.248973 -0.624875 4.41712
      vertex -0.239355 -0.600735 4.4544
      vertex -0.377482 -0.556744 4.41712
    endloop
  endfacet
  facet normal -0.385023 -0.726231 0.569513
    outer loop
      vertex -0.239355 -0.600735 4.4544
      vertex -0.362899 -0.535236 4.4544
      vertex -0.377482 -0.556744 4.41712
    endloop
  endfacet
  facet normal -0.53214 -0.626484 0.569513
    outer loop
      vertex -0.377482 -0.556744 4.41712
      vertex -0.362899 -0.535236 4.4544
      vertex -0.48834 -0.46258 4.41712
    endloop
  endfacet
  facet normal -0.53214 -0.626483 0.569514
    outer loop
      vertex -0.362899 -0.535236 4.4544
      vertex -0.469475 -0.44471 4.4544
      vertex -0.48834 -0.46258 4.41712
    endloop
  endfacet
  facet normal -0.654374 -0.497442 0.569514
    outer loop
      vertex -0.48834 -0.46258 4.41712
      vertex -0.469475 -0.44471 4.4544
      vertex -0.576364 -0.346787 4.41712
    endloop
  endfacet
  facet normal -0.654374 -0.497443 0.569513
    outer loop
      vertex -0.469475 -0.44471 4.4544
      vertex -0.554098 -0.33339 4.4544
      vertex -0.576364 -0.346787 4.41712
    endloop
  endfacet
  facet normal -0.746011 -0.345141 0.569513
    outer loop
      vertex -0.576364 -0.346787 4.41712
      vertex -0.554098 -0.33339 4.4544
      vertex -0.637438 -0.214778 4.41712
    endloop
  endfacet
  facet normal -0.746011 -0.345141 0.569513
    outer loop
      vertex -0.554098 -0.33339 4.4544
      vertex -0.612813 -0.206481 4.4544
      vertex -0.637438 -0.214778 4.41712
    endloop
  endfacet
  facet normal -0.802765 -0.176702 0.569513
    outer loop
      vertex -0.637438 -0.214778 4.41712
      vertex -0.612813 -0.206481 4.4544
      vertex -0.668706 -0.0727262 4.41712
    endloop
  endfacet
  facet normal -0.802764 -0.176702 0.569514
    outer loop
      vertex -0.612813 -0.206481 4.4544
      vertex -0.642873 -0.0699166 4.4544
      vertex -0.668706 -0.0727262 4.41712
    endloop
  endfacet
  facet normal -0.821981 0 0.569514
    outer loop
      vertex -0.668706 -0.0727262 4.41712
      vertex -0.642873 -0.0699166 4.4544
      vertex -0.668706 0.0727262 4.41712
    endloop
  endfacet
  facet normal -0.821981 0 0.569514
    outer loop
      vertex -0.642873 -0.0699166 4.4544
      vertex -0.642873 0.0699166 4.4544
      vertex -0.668706 0.0727262 4.41712
    endloop
  endfacet
  facet normal -0.802764 0.176702 0.569514
    outer loop
      vertex -0.668706 0.0727262 4.41712
      vertex -0.642873 0.0699166 4.4544
      vertex -0.637438 0.214778 4.41712
    endloop
  endfacet
  facet normal -0.802765 0.176702 0.569513
    outer loop
      vertex -0.642873 0.0699166 4.4544
      vertex -0.612813 0.206481 4.4544
      vertex -0.637438 0.214778 4.41712
    endloop
  endfacet
  facet normal -0.746011 0.345141 0.569513
    outer loop
      vertex -0.637438 0.214778 4.41712
      vertex -0.612813 0.206481 4.4544
      vertex -0.576364 0.346787 4.41712
    endloop
  endfacet
  facet normal -0.746011 0.345141 0.569513
    outer loop
      vertex -0.612813 0.206481 4.4544
      vertex -0.554098 0.33339 4.4544
      vertex -0.576364 0.346787 4.41712
    endloop
  endfacet
  facet normal -0.654374 0.497442 0.569513
    outer loop
      vertex -0.576364 0.346787 4.41712
      vertex -0.554098 0.33339 4.4544
      vertex -0.48834 0.46258 4.41712
    endloop
  endfacet
  facet normal -0.654374 0.497442 0.569514
    outer loop
      vertex -0.554098 0.33339 4.4544
      vertex -0.469475 0.44471 4.4544
      vertex -0.48834 0.46258 4.41712
    endloop
  endfacet
  facet normal -0.53214 0.626483 0.569514
    outer loop
      vertex -0.48834 0.46258 4.41712
      vertex -0.469475 0.44471 4.4544
      vertex -0.377482 0.556744 4.41712
    endloop
  endfacet
  facet normal -0.53214 0.626483 0.569513
    outer loop
      vertex -0.469475 0.44471 4.4544
      vertex -0.362899 0.535236 4.4544
      vertex -0.377482 0.556744 4.41712
    endloop
  endfacet
  facet normal -0.385024 0.726231 0.569513
    outer loop
      vertex -0.377482 0.556744 4.41712
      vertex -0.362899 0.535236 4.4544
      vertex -0.248973 0.624875 4.41712
    endloop
  endfacet
  facet normal -0.385023 0.726231 0.569514
    outer loop
      vertex -0.362899 0.535236 4.4544
      vertex -0.239355 0.600735 4.4544
      vertex -0.248973 0.624875 4.41712
    endloop
  endfacet
  facet normal -0.219903 0.79202 0.569514
    outer loop
      vertex -0.248973 0.624875 4.41712
      vertex -0.239355 0.600735 4.4544
      vertex -0.108823 0.663788 4.41712
    endloop
  endfacet
  facet normal -0.219904 0.792021 0.569514
    outer loop
      vertex -0.239355 0.600735 4.4544
      vertex -0.104618 0.638145 4.4544
      vertex -0.108823 0.663788 4.41712
    endloop
  endfacet
  facet normal -0.0445011 0.820776 0.569514
    outer loop
      vertex -0.108823 0.663788 4.41712
      vertex -0.104618 0.638145 4.4544
      vertex 0.0364165 0.671663 4.41712
    endloop
  endfacet
  facet normal -0.0445011 0.820776 0.569514
    outer loop
      vertex -0.104618 0.638145 4.4544
      vertex 0.0350096 0.645715 4.4544
      vertex 0.0364165 0.671663 4.41712
    endloop
  endfacet
  facet normal 0.132982 0.811154 0.569514
    outer loop
      vertex 0.0364165 0.671663 4.41712
      vertex 0.0350096 0.645715 4.4544
      vertex 0.179953 0.648131 4.41712
    endloop
  endfacet
  facet normal 0.132982 0.811153 0.569514
    outer loop
      vertex 0.0350096 0.645715 4.4544
      vertex 0.173001 0.623092 4.4544
      vertex 0.179953 0.648131 4.41712
    endloop
  endfacet
  facet normal 0.304247 0.763602 0.569514
    outer loop
      vertex 0.179953 0.648131 4.41712
      vertex 0.173001 0.623092 4.4544
      vertex 0.315075 0.594294 4.41712
    endloop
  endfacet
  facet normal 0.304247 0.763602 0.569514
    outer loop
      vertex 0.173001 0.623092 4.4544
      vertex 0.302903 0.571335 4.4544
      vertex 0.315075 0.594294 4.41712
    endloop
  endfacet
  facet normal 0.461286 0.680345 0.569514
    outer loop
      vertex 0.315075 0.594294 4.41712
      vertex 0.302903 0.571335 4.4544
      vertex 0.435464 0.512668 4.41712
    endloop
  endfacet
  facet normal 0.461286 0.680345 0.569514
    outer loop
      vertex 0.302903 0.571335 4.4544
      vertex 0.418641 0.492862 4.4544
      vertex 0.435464 0.512668 4.41712
    endloop
  endfacet
  facet normal 0.596755 0.565276 0.569514
    outer loop
      vertex 0.435464 0.512668 4.41712
      vertex 0.418641 0.492862 4.4544
      vertex 0.535491 0.40707 4.41712
    endloop
  endfacet
  facet normal 0.596755 0.565276 0.569514
    outer loop
      vertex 0.418641 0.492862 4.4544
      vertex 0.514804 0.391344 4.4544
      vertex 0.535491 0.40707 4.41712
    endloop
  endfacet
  facet normal 0.704321 0.423776 0.569514
    outer loop
      vertex 0.535491 0.40707 4.41712
      vertex 0.514804 0.391344 4.4544
      vertex 0.61048 0.282438 4.41712
    endloop
  endfacet
  facet normal 0.704321 0.423776 0.569514
    outer loop
      vertex 0.514804 0.391344 4.4544
      vertex 0.586896 0.271527 4.4544
      vertex 0.61048 0.282438 4.41712
    endloop
  endfacet
  facet normal 0.778954 0.26246 0.569514
    outer loop
      vertex 0.61048 0.282438 4.41712
      vertex 0.586896 0.271527 4.4544
      vertex 0.656923 0.1446 4.41712
    endloop
  endfacet
  facet normal 0.778954 0.26246 0.569514
    outer loop
      vertex 0.586896 0.271527 4.4544
      vertex 0.631545 0.139013 4.4544
      vertex 0.656923 0.1446 4.41712
    endloop
  endfacet
  facet normal 0.817163 0.0888719 0.569514
    outer loop
      vertex 0.656923 0.1446 4.41712
      vertex 0.631545 0.139013 4.4544
      vertex 0.672649 0 4.41712
    endloop
  endfacet
  facet normal 0.817164 0.0888721 0.569513
    outer loop
      vertex 0.631545 0.139013 4.4544
      vertex 0.646663 0 4.4544
      vertex 0.672649 0 4.41712
    endloop
  endfacet
  facet normal 0.548151 -0.0596152 0.834252
    outer loop
      vertex 0.646663 0 4.4544
      vertex 0.599911 0 4.48512
      vertex 0.631545 -0.139013 4.4544
    endloop
  endfacet
  facet normal 0.548151 -0.059615 0.834252
    outer loop
      vertex 0.599911 0 4.48512
      vertex 0.585885 -0.128963 4.48512
      vertex 0.631545 -0.139013 4.4544
    endloop
  endfacet
  facet normal 0.52252 -0.176058 0.834252
    outer loop
      vertex 0.631545 -0.139013 4.4544
      vertex 0.585885 -0.128963 4.48512
      vertex 0.586896 -0.271527 4.4544
    endloop
  endfacet
  facet normal 0.52252 -0.176058 0.834252
    outer loop
      vertex 0.585885 -0.128963 4.48512
      vertex 0.544464 -0.251896 4.48512
      vertex 0.586896 -0.271527 4.4544
    endloop
  endfacet
  facet normal 0.472457 -0.284268 0.834252
    outer loop
      vertex 0.586896 -0.271527 4.4544
      vertex 0.544464 -0.251896 4.48512
      vertex 0.514804 -0.391344 4.4544
    endloop
  endfacet
  facet normal 0.472457 -0.284268 0.834252
    outer loop
      vertex 0.544464 -0.251896 4.48512
      vertex 0.477585 -0.36305 4.48512
      vertex 0.514804 -0.391344 4.4544
    endloop
  endfacet
  facet normal 0.400302 -0.379186 0.834252
    outer loop
      vertex 0.514804 -0.391344 4.4544
      vertex 0.477585 -0.36305 4.48512
      vertex 0.418641 -0.492862 4.4544
    endloop
  endfacet
  facet normal 0.400302 -0.379186 0.834252
    outer loop
      vertex 0.477585 -0.36305 4.48512
      vertex 0.388374 -0.457229 4.48512
      vertex 0.418641 -0.492862 4.4544
    endloop
  endfacet
  facet normal 0.309429 -0.456374 0.834252
    outer loop
      vertex 0.418641 -0.492862 4.4544
      vertex 0.388374 -0.457229 4.48512
      vertex 0.302903 -0.571335 4.4544
    endloop
  endfacet
  facet normal 0.309429 -0.456374 0.834252
    outer loop
      vertex 0.388374 -0.457229 4.48512
      vertex 0.281003 -0.530028 4.48512
      vertex 0.302903 -0.571335 4.4544
    endloop
  endfacet
  facet normal 0.204088 -0.512222 0.834252
    outer loop
      vertex 0.302903 -0.571335 4.4544
      vertex 0.281003 -0.530028 4.48512
      vertex 0.173001 -0.623092 4.4544
    endloop
  endfacet
  facet normal 0.204088 -0.512222 0.834252
    outer loop
      vertex 0.281003 -0.530028 4.48512
      vertex 0.160493 -0.578044 4.48512
      vertex 0.173001 -0.623092 4.4544
    endloop
  endfacet
  facet normal 0.0892038 -0.54412 0.834252
    outer loop
      vertex 0.173001 -0.623092 4.4544
      vertex 0.160493 -0.578044 4.48512
      vertex 0.0350096 -0.645715 4.4544
    endloop
  endfacet
  facet normal 0.0892037 -0.54412 0.834252
    outer loop
      vertex 0.160493 -0.578044 4.48512
      vertex 0.0324785 -0.599031 4.48512
      vertex 0.0350096 -0.645715 4.4544
    endloop
  endfacet
  facet normal -0.0298512 -0.550575 0.834252
    outer loop
      vertex 0.0350096 -0.645715 4.4544
      vertex 0.0324785 -0.599031 4.48512
      vertex -0.104618 -0.638145 4.4544
    endloop
  endfacet
  facet normal -0.0298512 -0.550575 0.834252
    outer loop
      vertex 0.0324785 -0.599031 4.48512
      vertex -0.0970547 -0.592008 4.48512
      vertex -0.104618 -0.638145 4.4544
    endloop
  endfacet
  facet normal -0.147511 -0.531285 0.834252
    outer loop
      vertex -0.104618 -0.638145 4.4544
      vertex -0.0970547 -0.592008 4.48512
      vertex -0.239355 -0.600735 4.4544
    endloop
  endfacet
  facet normal -0.147511 -0.531286 0.834252
    outer loop
      vertex -0.0970547 -0.592008 4.48512
      vertex -0.22205 -0.557303 4.48512
      vertex -0.239355 -0.600735 4.4544
    endloop
  endfacet
  facet normal -0.258273 -0.487154 0.834252
    outer loop
      vertex -0.239355 -0.600735 4.4544
      vertex -0.22205 -0.557303 4.48512
      vertex -0.362899 -0.535236 4.4544
    endloop
  endfacet
  facet normal -0.258273 -0.487153 0.834252
    outer loop
      vertex -0.22205 -0.557303 4.48512
      vertex -0.336662 -0.496539 4.48512
      vertex -0.362899 -0.535236 4.4544
    endloop
  endfacet
  facet normal -0.356958 -0.420243 0.834252
    outer loop
      vertex -0.362899 -0.535236 4.4544
      vertex -0.336662 -0.496539 4.48512
      vertex -0.469475 -0.44471 4.4544
    endloop
  endfacet
  facet normal -0.356958 -0.420244 0.834252
    outer loop
      vertex -0.336662 -0.496539 4.48512
      vertex -0.435532 -0.412558 4.48512
      vertex -0.469475 -0.44471 4.4544
    endloop
  endfacet
  facet normal -0.438953 -0.333683 0.834252
    outer loop
      vertex -0.469475 -0.44471 4.4544
      vertex -0.435532 -0.412558 4.48512
      vertex -0.554098 -0.33339 4.4544
    endloop
  endfacet
  facet normal -0.438953 -0.333683 0.834252
    outer loop
      vertex -0.435532 -0.412558 4.48512
      vertex -0.514038 -0.309286 4.48512
      vertex -0.554098 -0.33339 4.4544
    endloop
  endfacet
  facet normal -0.500422 -0.23152 0.834252
    outer loop
      vertex -0.554098 -0.33339 4.4544
      vertex -0.514038 -0.309286 4.48512
      vertex -0.612813 -0.206481 4.4544
    endloop
  endfacet
  facet normal -0.500422 -0.23152 0.834252
    outer loop
      vertex -0.514038 -0.309286 4.48512
      vertex -0.568507 -0.191552 4.48512
      vertex -0.612813 -0.206481 4.4544
    endloop
  endfacet
  facet normal -0.538492 -0.118531 0.834252
    outer loop
      vertex -0.612813 -0.206481 4.4544
      vertex -0.568507 -0.191552 4.48512
      vertex -0.642873 -0.0699166 4.4544
    endloop
  endfacet
  facet normal -0.538493 -0.118531 0.834252
    outer loop
      vertex -0.568507 -0.191552 4.48512
      vertex -0.596394 -0.0648618 4.48512
      vertex -0.642873 -0.0699166 4.4544
    endloop
  endfacet
  facet normal -0.551384 0 0.834252
    outer loop
      vertex -0.642873 -0.0699166 4.4544
      vertex -0.596394 -0.0648618 4.48512
      vertex -0.642873 0.0699166 4.4544
    endloop
  endfacet
  facet normal -0.551384 0 0.834252
    outer loop
      vertex -0.596394 -0.0648618 4.48512
      vertex -0.596394 0.0648618 4.48512
      vertex -0.642873 0.0699166 4.4544
    endloop
  endfacet
  facet normal -0.538493 0.118531 0.834252
    outer loop
      vertex -0.642873 0.0699166 4.4544
      vertex -0.596394 0.0648618 4.48512
      vertex -0.612813 0.206481 4.4544
    endloop
  endfacet
  facet normal -0.538492 0.118531 0.834252
    outer loop
      vertex -0.596394 0.0648618 4.48512
      vertex -0.568507 0.191552 4.48512
      vertex -0.612813 0.206481 4.4544
    endloop
  endfacet
  facet normal -0.500422 0.23152 0.834252
    outer loop
      vertex -0.612813 0.206481 4.4544
      vertex -0.568507 0.191552 4.48512
      vertex -0.554098 0.33339 4.4544
    endloop
  endfacet
  facet normal -0.500422 0.23152 0.834252
    outer loop
      vertex -0.568507 0.191552 4.48512
      vertex -0.514038 0.309286 4.48512
      vertex -0.554098 0.33339 4.4544
    endloop
  endfacet
  facet normal -0.438953 0.333683 0.834252
    outer loop
      vertex -0.554098 0.33339 4.4544
      vertex -0.514038 0.309286 4.48512
      vertex -0.469475 0.44471 4.4544
    endloop
  endfacet
  facet normal -0.438953 0.333683 0.834252
    outer loop
      vertex -0.514038 0.309286 4.48512
      vertex -0.435532 0.412558 4.48512
      vertex -0.469475 0.44471 4.4544
    endloop
  endfacet
  facet normal -0.356958 0.420243 0.834252
    outer loop
      vertex -0.469475 0.44471 4.4544
      vertex -0.435532 0.412558 4.48512
      vertex -0.362899 0.535236 4.4544
    endloop
  endfacet
  facet normal -0.356958 0.420243 0.834252
    outer loop
      vertex -0.435532 0.412558 4.48512
      vertex -0.336662 0.496539 4.48512
      vertex -0.362899 0.535236 4.4544
    endloop
  endfacet
  facet normal -0.258272 0.487154 0.834252
    outer loop
      vertex -0.362899 0.535236 4.4544
      vertex -0.336662 0.496539 4.48512
      vertex -0.239355 0.600735 4.4544
    endloop
  endfacet
  facet normal -0.258273 0.487154 0.834252
    outer loop
      vertex -0.336662 0.496539 4.48512
      vertex -0.22205 0.557303 4.48512
      vertex -0.239355 0.600735 4.4544
    endloop
  endfacet
  facet normal -0.147511 0.531286 0.834252
    outer loop
      vertex -0.239355 0.600735 4.4544
      vertex -0.22205 0.557303 4.48512
      vertex -0.104618 0.638145 4.4544
    endloop
  endfacet
  facet normal -0.147511 0.531285 0.834252
    outer loop
      vertex -0.22205 0.557303 4.48512
      vertex -0.0970547 0.592008 4.48512
      vertex -0.104618 0.638145 4.4544
    endloop
  endfacet
  facet normal -0.0298512 0.550575 0.834252
    outer loop
      vertex -0.104618 0.638145 4.4544
      vertex -0.0970547 0.592008 4.48512
      vertex 0.0350096 0.645715 4.4544
    endloop
  endfacet
  facet normal -0.0298512 0.550575 0.834252
    outer loop
      vertex -0.0970547 0.592008 4.48512
      vertex 0.0324785 0.599031 4.48512
      vertex 0.0350096 0.645715 4.4544
    endloop
  endfacet
  facet normal 0.0892038 0.54412 0.834252
    outer loop
      vertex 0.0350096 0.645715 4.4544
      vertex 0.0324785 0.599031 4.48512
      vertex 0.173001 0.623092 4.4544
    endloop
  endfacet
  facet normal 0.0892037 0.54412 0.834252
    outer loop
      vertex 0.0324785 0.599031 4.48512
      vertex 0.160493 0.578044 4.48512
      vertex 0.173001 0.623092 4.4544
    endloop
  endfacet
  facet normal 0.204088 0.512222 0.834252
    outer loop
      vertex 0.173001 0.623092 4.4544
      vertex 0.160493 0.578044 4.48512
      vertex 0.302903 0.571335 4.4544
    endloop
  endfacet
  facet normal 0.204088 0.512222 0.834252
    outer loop
      vertex 0.160493 0.578044 4.48512
      vertex 0.281003 0.530028 4.48512
      vertex 0.302903 0.571335 4.4544
    endloop
  endfacet
  facet normal 0.309429 0.456374 0.834252
    outer loop
      vertex 0.302903 0.571335 4.4544
      vertex 0.281003 0.530028 4.48512
      vertex 0.418641 0.492862 4.4544
    endloop
  endfacet
  facet normal 0.309429 0.456374 0.834252
    outer loop
      vertex 0.281003 0.530028 4.48512
      vertex 0.388374 0.457229 4.48512
      vertex 0.418641 0.492862 4.4544
    endloop
  endfacet
  facet normal 0.400302 0.379186 0.834252
    outer loop
      vertex 0.418641 0.492862 4.4544
      vertex 0.388374 0.457229 4.48512
      vertex 0.514804 0.391344 4.4544
    endloop
  endfacet
  facet normal 0.400302 0.379186 0.834252
    outer loop
      vertex 0.388374 0.457229 4.48512
      vertex 0.477585 0.36305 4.48512
      vertex 0.514804 0.391344 4.4544
    endloop
  endfacet
  facet normal 0.472457 0.284268 0.834252
    outer loop
      vertex 0.514804 0.391344 4.4544
      vertex 0.477585 0.36305 4.48512
      vertex 0.586896 0.271527 4.4544
    endloop
  endfacet
  facet normal 0.472457 0.284268 0.834252
    outer loop
      vertex 0.477585 0.36305 4.48512
      vertex 0.544464 0.251896 4.48512
      vertex 0.586896 0.271527 4.4544
    endloop
  endfacet
  facet normal 0.52252 0.176058 0.834252
    outer loop
      vertex 0.586896 0.271527 4.4544
      vertex 0.544464 0.251896 4.48512
      vertex 0.631545 0.139013 4.4544
    endloop
  endfacet
  facet normal 0.52252 0.176058 0.834252
    outer loop
      vertex 0.544464 0.251896 4.48512
      vertex 0.585885 0.128963 4.48512
      vertex 0.631545 0.139013 4.4544
    endloop
  endfacet
  facet normal 0.548151 0.0596152 0.834252
    outer loop
      vertex 0.631545 0.139013 4.4544
      vertex 0.585885 0.128963 4.48512
      vertex 0.646663 0 4.4544
    endloop
  endfacet
  facet normal 0.548151 0.059615 0.834252
    outer loop
      vertex 0.585885 0.128963 4.48512
      vertex 0.599911 0 4.48512
      vertex 0.646663 0 4.4544
    endloop
  endfacet
  facet normal 0.278942 -0.0303368 0.959829
    outer loop
      vertex 0.599911 0 4.48512
      vertex 0.565556 0 4.49511
      vertex 0.585885 -0.128963 4.48512
    endloop
  endfacet
  facet normal 0.278942 -0.0303368 0.959829
    outer loop
      vertex 0.565556 0 4.49511
      vertex 0.552333 -0.121578 4.49511
      vertex 0.585885 -0.128963 4.48512
    endloop
  endfacet
  facet normal 0.265899 -0.0895919 0.959829
    outer loop
      vertex 0.585885 -0.128963 4.48512
      vertex 0.552333 -0.121578 4.49511
      vertex 0.544464 -0.251896 4.48512
    endloop
  endfacet
  facet normal 0.265899 -0.0895919 0.959829
    outer loop
      vertex 0.552333 -0.121578 4.49511
      vertex 0.513284 -0.237471 4.49511
      vertex 0.544464 -0.251896 4.48512
    endloop
  endfacet
  facet normal 0.240423 -0.144658 0.959829
    outer loop
      vertex 0.544464 -0.251896 4.48512
      vertex 0.513284 -0.237471 4.49511
      vertex 0.477585 -0.36305 4.48512
    endloop
  endfacet
  facet normal 0.240423 -0.144658 0.959829
    outer loop
      vertex 0.513284 -0.237471 4.49511
      vertex 0.450235 -0.34226 4.49511
      vertex 0.477585 -0.36305 4.48512
    endloop
  endfacet
  facet normal 0.203705 -0.192959 0.959829
    outer loop
      vertex 0.477585 -0.36305 4.48512
      vertex 0.450235 -0.34226 4.49511
      vertex 0.388374 -0.457229 4.48512
    endloop
  endfacet
  facet normal 0.203705 -0.192959 0.959829
    outer loop
      vertex 0.450235 -0.34226 4.49511
      vertex 0.366133 -0.431045 4.49511
      vertex 0.388374 -0.457229 4.48512
    endloop
  endfacet
  facet normal 0.157462 -0.232239 0.959829
    outer loop
      vertex 0.388374 -0.457229 4.48512
      vertex 0.366133 -0.431045 4.49511
      vertex 0.281003 -0.530028 4.48512
    endloop
  endfacet
  facet normal 0.157462 -0.232239 0.959829
    outer loop
      vertex 0.366133 -0.431045 4.49511
      vertex 0.264911 -0.499675 4.49511
      vertex 0.281003 -0.530028 4.48512
    endloop
  endfacet
  facet normal 0.103856 -0.260659 0.959829
    outer loop
      vertex 0.281003 -0.530028 4.48512
      vertex 0.264911 -0.499675 4.49511
      vertex 0.160493 -0.578044 4.48512
    endloop
  endfacet
  facet normal 0.103856 -0.260659 0.959829
    outer loop
      vertex 0.264911 -0.499675 4.49511
      vertex 0.151302 -0.544941 4.49511
      vertex 0.160493 -0.578044 4.48512
    endloop
  endfacet
  facet normal 0.0453938 -0.276891 0.959829
    outer loop
      vertex 0.160493 -0.578044 4.48512
      vertex 0.151302 -0.544941 4.49511
      vertex 0.0324785 -0.599031 4.48512
    endloop
  endfacet
  facet normal 0.0453939 -0.276891 0.959829
    outer loop
      vertex 0.151302 -0.544941 4.49511
      vertex 0.0306186 -0.564726 4.49511
      vertex 0.0324785 -0.599031 4.48512
    endloop
  endfacet
  facet normal -0.0151906 -0.280176 0.959829
    outer loop
      vertex 0.0324785 -0.599031 4.48512
      vertex 0.0306186 -0.564726 4.49511
      vertex -0.0970547 -0.592008 4.48512
    endloop
  endfacet
  facet normal -0.0151907 -0.280175 0.959829
    outer loop
      vertex 0.0306186 -0.564726 4.49511
      vertex -0.0914967 -0.558105 4.49511
      vertex -0.0970547 -0.592008 4.48512
    endloop
  endfacet
  facet normal -0.0750649 -0.270359 0.959829
    outer loop
      vertex -0.0970547 -0.592008 4.48512
      vertex -0.0914967 -0.558105 4.49511
      vertex -0.22205 -0.557303 4.48512
    endloop
  endfacet
  facet normal -0.0750649 -0.270359 0.959829
    outer loop
      vertex -0.0914967 -0.558105 4.49511
      vertex -0.209334 -0.525388 4.49511
      vertex -0.22205 -0.557303 4.48512
    endloop
  endfacet
  facet normal -0.131429 -0.247902 0.959829
    outer loop
      vertex -0.22205 -0.557303 4.48512
      vertex -0.209334 -0.525388 4.49511
      vertex -0.336662 -0.496539 4.48512
    endloop
  endfacet
  facet normal -0.131429 -0.247902 0.959829
    outer loop
      vertex -0.209334 -0.525388 4.49511
      vertex -0.317383 -0.468104 4.49511
      vertex -0.336662 -0.496539 4.48512
    endloop
  endfacet
  facet normal -0.181648 -0.213853 0.959829
    outer loop
      vertex -0.336662 -0.496539 4.48512
      vertex -0.317383 -0.468104 4.49511
      vertex -0.435532 -0.412558 4.48512
    endloop
  endfacet
  facet normal -0.181648 -0.213853 0.959829
    outer loop
      vertex -0.317383 -0.468104 4.49511
      vertex -0.410591 -0.388932 4.49511
      vertex -0.435532 -0.412558 4.48512
    endloop
  endfacet
  facet normal -0.223373 -0.169804 0.959829
    outer loop
      vertex -0.435532 -0.412558 4.48512
      vertex -0.410591 -0.388932 4.49511
      vertex -0.514038 -0.309286 4.48512
    endloop
  endfacet
  facet normal -0.223373 -0.169804 0.959829
    outer loop
      vertex -0.410591 -0.388932 4.49511
      vertex -0.4846 -0.291574 4.49511
      vertex -0.514038 -0.309286 4.48512
    endloop
  endfacet
  facet normal -0.254654 -0.117815 0.959829
    outer loop
      vertex -0.514038 -0.309286 4.48512
      vertex -0.4846 -0.291574 4.49511
      vertex -0.568507 -0.191552 4.48512
    endloop
  endfacet
  facet normal -0.254654 -0.117815 0.959829
    outer loop
      vertex -0.4846 -0.291574 4.49511
      vertex -0.535951 -0.180583 4.49511
      vertex -0.568507 -0.191552 4.48512
    endloop
  endfacet
  facet normal -0.274027 -0.0603179 0.959829
    outer loop
      vertex -0.568507 -0.191552 4.48512
      vertex -0.535951 -0.180583 4.49511
      vertex -0.596394 -0.0648618 4.48512
    endloop
  endfacet
  facet normal -0.274027 -0.0603178 0.959829
    outer loop
      vertex -0.535951 -0.180583 4.49511
      vertex -0.56224 -0.0611473 4.49511
      vertex -0.596394 -0.0648618 4.48512
    endloop
  endfacet
  facet normal -0.280587 0 0.959829
    outer loop
      vertex -0.596394 -0.0648618 4.48512
      vertex -0.56224 -0.0611473 4.49511
      vertex -0.596394 0.0648618 4.48512
    endloop
  endfacet
  facet normal -0.280587 0 0.959829
    outer loop
      vertex -0.56224 -0.0611473 4.49511
      vertex -0.56224 0.0611473 4.49511
      vertex -0.596394 0.0648618 4.48512
    endloop
  endfacet
  facet normal -0.274027 0.0603179 0.959829
    outer loop
      vertex -0.596394 0.0648618 4.48512
      vertex -0.56224 0.0611473 4.49511
      vertex -0.568507 0.191552 4.48512
    endloop
  endfacet
  facet normal -0.274027 0.0603179 0.959829
    outer loop
      vertex -0.56224 0.0611473 4.49511
      vertex -0.535951 0.180583 4.49511
      vertex -0.568507 0.191552 4.48512
    endloop
  endfacet
  facet normal -0.254654 0.117815 0.959829
    outer loop
      vertex -0.568507 0.191552 4.48512
      vertex -0.535951 0.180583 4.49511
      vertex -0.514038 0.309286 4.48512
    endloop
  endfacet
  facet normal -0.254654 0.117815 0.959829
    outer loop
      vertex -0.535951 0.180583 4.49511
      vertex -0.4846 0.291574 4.49511
      vertex -0.514038 0.309286 4.48512
    endloop
  endfacet
  facet normal -0.223373 0.169804 0.959829
    outer loop
      vertex -0.514038 0.309286 4.48512
      vertex -0.4846 0.291574 4.49511
      vertex -0.435532 0.412558 4.48512
    endloop
  endfacet
  facet normal -0.223373 0.169804 0.959829
    outer loop
      vertex -0.4846 0.291574 4.49511
      vertex -0.410591 0.388932 4.49511
      vertex -0.435532 0.412558 4.48512
    endloop
  endfacet
  facet normal -0.181648 0.213853 0.959829
    outer loop
      vertex -0.435532 0.412558 4.48512
      vertex -0.410591 0.388932 4.49511
      vertex -0.336662 0.496539 4.48512
    endloop
  endfacet
  facet normal -0.181648 0.213853 0.959829
    outer loop
      vertex -0.410591 0.388932 4.49511
      vertex -0.317383 0.468104 4.49511
      vertex -0.336662 0.496539 4.48512
    endloop
  endfacet
  facet normal -0.131429 0.247902 0.959829
    outer loop
      vertex -0.336662 0.496539 4.48512
      vertex -0.317383 0.468104 4.49511
      vertex -0.22205 0.557303 4.48512
    endloop
  endfacet
  facet normal -0.131429 0.247902 0.959829
    outer loop
      vertex -0.317383 0.468104 4.49511
      vertex -0.209334 0.525388 4.49511
      vertex -0.22205 0.557303 4.48512
    endloop
  endfacet
  facet normal -0.0750649 0.270359 0.959829
    outer loop
      vertex -0.22205 0.557303 4.48512
      vertex -0.209334 0.525388 4.49511
      vertex -0.0970547 0.592008 4.48512
    endloop
  endfacet
  facet normal -0.0750649 0.270359 0.959829
    outer loop
      vertex -0.209334 0.525388 4.49511
      vertex -0.0914967 0.558105 4.49511
      vertex -0.0970547 0.592008 4.48512
    endloop
  endfacet
  facet normal -0.0151906 0.280175 0.959829
    outer loop
      vertex -0.0970547 0.592008 4.48512
      vertex -0.0914967 0.558105 4.49511
      vertex 0.0324785 0.599031 4.48512
    endloop
  endfacet
  facet normal -0.0151907 0.280176 0.959829
    outer loop
      vertex -0.0914967 0.558105 4.49511
      vertex 0.0306186 0.564726 4.49511
      vertex 0.0324785 0.599031 4.48512
    endloop
  endfacet
  facet normal 0.0453938 0.276891 0.959829
    outer loop
      vertex 0.0324785 0.599031 4.48512
      vertex 0.0306186 0.564726 4.49511
      vertex 0.160493 0.578044 4.48512
    endloop
  endfacet
  facet normal 0.0453939 0.27689 0.959829
    outer loop
      vertex 0.0306186 0.564726 4.49511
      vertex 0.151302 0.544941 4.49511
      vertex 0.160493 0.578044 4.48512
    endloop
  endfacet
  facet normal 0.103856 0.260659 0.959829
    outer loop
      vertex 0.160493 0.578044 4.48512
      vertex 0.151302 0.544941 4.49511
      vertex 0.281003 0.530028 4.48512
    endloop
  endfacet
  facet normal 0.103856 0.260659 0.959829
    outer loop
      vertex 0.151302 0.544941 4.49511
      vertex 0.264911 0.499675 4.49511
      vertex 0.281003 0.530028 4.48512
    endloop
  endfacet
  facet normal 0.157462 0.232239 0.959829
    outer loop
      vertex 0.281003 0.530028 4.48512
      vertex 0.264911 0.499675 4.49511
      vertex 0.388374 0.457229 4.48512
    endloop
  endfacet
  facet normal 0.157462 0.232239 0.959829
    outer loop
      vertex 0.264911 0.499675 4.49511
      vertex 0.366133 0.431045 4.49511
      vertex 0.388374 0.457229 4.48512
    endloop
  endfacet
  facet normal 0.203705 0.192959 0.959829
    outer loop
      vertex 0.388374 0.457229 4.48512
      vertex 0.366133 0.431045 4.49511
      vertex 0.477585 0.36305 4.48512
    endloop
  endfacet
  facet normal 0.203705 0.19296 0.959829
    outer loop
      vertex 0.366133 0.431045 4.49511
      vertex 0.450235 0.34226 4.49511
      vertex 0.477585 0.36305 4.48512
    endloop
  endfacet
  facet normal 0.240423 0.144658 0.959829
    outer loop
      vertex 0.477585 0.36305 4.48512
      vertex 0.450235 0.34226 4.49511
      vertex 0.544464 0.251896 4.48512
    endloop
  endfacet
  facet normal 0.240423 0.144658 0.959829
    outer loop
      vertex 0.450235 0.34226 4.49511
      vertex 0.513284 0.237471 4.49511
      vertex 0.544464 0.251896 4.48512
    endloop
  endfacet
  facet normal 0.265899 0.0895918 0.959829
    outer loop
      vertex 0.544464 0.251896 4.48512
      vertex 0.513284 0.237471 4.49511
      vertex 0.585885 0.128963 4.48512
    endloop
  endfacet
  facet normal 0.265899 0.0895919 0.959829
    outer loop
      vertex 0.513284 0.237471 4.49511
      vertex 0.552333 0.121578 4.49511
      vertex 0.585885 0.128963 4.48512
    endloop
  endfacet
  facet normal 0.278942 0.0303368 0.959829
    outer loop
      vertex 0.585885 0.128963 4.48512
      vertex 0.552333 0.121578 4.49511
      vertex 0.599911 0 4.48512
    endloop
  endfacet
  facet normal 0.278942 0.0303368 0.959829
    outer loop
      vertex 0.552333 0.121578 4.49511
      vertex 0.565556 0 4.49511
      vertex 0.599911 0 4.48512
    endloop
  endfacet
  facet normal 0.0836183 0.0281743 0.996099
    outer loop
      vertex 0.498076 0.109635 4.5
      vertex 0.552333 0.121578 4.49511
      vertex 0.462863 0.214143 4.5
    endloop
  endfacet
  facet normal 0.0836183 0.0281743 0.996099
    outer loop
      vertex 0.552333 0.121578 4.49511
      vertex 0.513284 0.237471 4.49511
      vertex 0.462863 0.214143 4.5
    endloop
  endfacet
  facet normal 0.0756067 0.045491 0.996099
    outer loop
      vertex 0.462863 0.214143 4.5
      vertex 0.513284 0.237471 4.49511
      vertex 0.406007 0.308639 4.5
    endloop
  endfacet
  facet normal 0.0756067 0.045491 0.996099
    outer loop
      vertex 0.513284 0.237471 4.49511
      vertex 0.450235 0.34226 4.49511
      vertex 0.406007 0.308639 4.5
    endloop
  endfacet
  facet normal 0.0640598 0.0606807 0.996099
    outer loop
      vertex 0.406007 0.308639 4.5
      vertex 0.450235 0.34226 4.49511
      vertex 0.330167 0.388703 4.5
    endloop
  endfacet
  facet normal 0.0640598 0.0606807 0.996099
    outer loop
      vertex 0.450235 0.34226 4.49511
      vertex 0.366133 0.431045 4.49511
      vertex 0.330167 0.388703 4.5
    endloop
  endfacet
  facet normal 0.0495176 0.073033 0.996099
    outer loop
      vertex 0.330167 0.388703 4.5
      vertex 0.366133 0.431045 4.49511
      vertex 0.238888 0.450591 4.5
    endloop
  endfacet
  facet normal 0.0495176 0.073033 0.996099
    outer loop
      vertex 0.366133 0.431045 4.49511
      vertex 0.264911 0.499675 4.49511
      vertex 0.238888 0.450591 4.5
    endloop
  endfacet
  facet normal 0.03266 0.0819703 0.996099
    outer loop
      vertex 0.238888 0.450591 4.5
      vertex 0.264911 0.499675 4.49511
      vertex 0.136439 0.49141 4.5
    endloop
  endfacet
  facet normal 0.03266 0.0819703 0.996099
    outer loop
      vertex 0.264911 0.499675 4.49511
      vertex 0.151302 0.544941 4.49511
      vertex 0.136439 0.49141 4.5
    endloop
  endfacet
  facet normal 0.0142752 0.0870748 0.996099
    outer loop
      vertex 0.136439 0.49141 4.5
      vertex 0.151302 0.544941 4.49511
      vertex 0.0276108 0.509252 4.5
    endloop
  endfacet
  facet normal 0.0142752 0.0870748 0.996099
    outer loop
      vertex 0.151302 0.544941 4.49511
      vertex 0.0306186 0.564726 4.49511
      vertex 0.0276108 0.509252 4.5
    endloop
  endfacet
  facet normal -0.00477707 0.0881078 0.996099
    outer loop
      vertex 0.0276108 0.509252 4.5
      vertex 0.0306186 0.564726 4.49511
      vertex -0.0825088 0.503282 4.5
    endloop
  endfacet
  facet normal -0.00477708 0.0881078 0.996099
    outer loop
      vertex 0.0306186 0.564726 4.49511
      vertex -0.0914967 0.558105 4.49511
      vertex -0.0825088 0.503282 4.5
    endloop
  endfacet
  facet normal -0.0236059 0.085021 0.996099
    outer loop
      vertex -0.0825088 0.503282 4.5
      vertex -0.0914967 0.558105 4.49511
      vertex -0.18877 0.473778 4.5
    endloop
  endfacet
  facet normal -0.023606 0.085021 0.996099
    outer loop
      vertex -0.0914967 0.558105 4.49511
      vertex -0.209334 0.525388 4.49511
      vertex -0.18877 0.473778 4.5
    endloop
  endfacet
  facet normal -0.0413311 0.0779587 0.996099
    outer loop
      vertex -0.18877 0.473778 4.5
      vertex -0.209334 0.525388 4.49511
      vertex -0.286205 0.422121 4.5
    endloop
  endfacet
  facet normal -0.0413311 0.0779587 0.996099
    outer loop
      vertex -0.209334 0.525388 4.49511
      vertex -0.317383 0.468104 4.49511
      vertex -0.286205 0.422121 4.5
    endloop
  endfacet
  facet normal -0.0571236 0.0672511 0.996099
    outer loop
      vertex -0.286205 0.422121 4.5
      vertex -0.317383 0.468104 4.49511
      vertex -0.370258 0.350727 4.5
    endloop
  endfacet
  facet normal -0.0571236 0.0672511 0.996099
    outer loop
      vertex -0.317383 0.468104 4.49511
      vertex -0.410591 0.388932 4.49511
      vertex -0.370258 0.350727 4.5
    endloop
  endfacet
  facet normal -0.0702451 0.0533989 0.996099
    outer loop
      vertex -0.370258 0.350727 4.5
      vertex -0.410591 0.388932 4.49511
      vertex -0.436997 0.262932 4.5
    endloop
  endfacet
  facet normal -0.070245 0.0533989 0.996099
    outer loop
      vertex -0.410591 0.388932 4.49511
      vertex -0.4846 0.291574 4.49511
      vertex -0.436997 0.262932 4.5
    endloop
  endfacet
  facet normal -0.080082 0.0370498 0.996099
    outer loop
      vertex -0.436997 0.262932 4.5
      vertex -0.4846 0.291574 4.49511
      vertex -0.483303 0.162844 4.5
    endloop
  endfacet
  facet normal -0.0800819 0.0370498 0.996099
    outer loop
      vertex -0.4846 0.291574 4.49511
      vertex -0.535951 0.180583 4.49511
      vertex -0.483303 0.162844 4.5
    endloop
  endfacet
  facet normal -0.0861742 0.0189684 0.996099
    outer loop
      vertex -0.483303 0.162844 4.5
      vertex -0.535951 0.180583 4.49511
      vertex -0.50701 0.0551407 4.5
    endloop
  endfacet
  facet normal -0.0861744 0.0189684 0.996099
    outer loop
      vertex -0.535951 0.180583 4.49511
      vertex -0.56224 0.0611473 4.49511
      vertex -0.50701 0.0551407 4.5
    endloop
  endfacet
  facet normal -0.0882373 0 0.996099
    outer loop
      vertex -0.50701 0.0551407 4.5
      vertex -0.56224 0.0611473 4.49511
      vertex -0.50701 -0.0551407 4.5
    endloop
  endfacet
  facet normal -0.0882373 0 0.996099
    outer loop
      vertex -0.56224 0.0611473 4.49511
      vertex -0.56224 -0.0611473 4.49511
      vertex -0.50701 -0.0551407 4.5
    endloop
  endfacet
  facet normal -0.0861744 -0.0189684 0.996099
    outer loop
      vertex -0.50701 -0.0551407 4.5
      vertex -0.56224 -0.0611473 4.49511
      vertex -0.483303 -0.162844 4.5
    endloop
  endfacet
  facet normal -0.0861742 -0.0189684 0.996099
    outer loop
      vertex -0.56224 -0.0611473 4.49511
      vertex -0.535951 -0.180583 4.49511
      vertex -0.483303 -0.162844 4.5
    endloop
  endfacet
  facet normal -0.0800819 -0.0370498 0.996099
    outer loop
      vertex -0.483303 -0.162844 4.5
      vertex -0.535951 -0.180583 4.49511
      vertex -0.436997 -0.262932 4.5
    endloop
  endfacet
  facet normal -0.0800819 -0.0370499 0.996099
    outer loop
      vertex -0.535951 -0.180583 4.49511
      vertex -0.4846 -0.291574 4.49511
      vertex -0.436997 -0.262932 4.5
    endloop
  endfacet
  facet normal -0.070245 -0.0533989 0.996099
    outer loop
      vertex -0.436997 -0.262932 4.5
      vertex -0.4846 -0.291574 4.49511
      vertex -0.370258 -0.350727 4.5
    endloop
  endfacet
  facet normal -0.070245 -0.0533989 0.996099
    outer loop
      vertex -0.4846 -0.291574 4.49511
      vertex -0.410591 -0.388932 4.49511
      vertex -0.370258 -0.350727 4.5
    endloop
  endfacet
  facet normal -0.0571236 -0.0672511 0.996099
    outer loop
      vertex -0.370258 -0.350727 4.5
      vertex -0.410591 -0.388932 4.49511
      vertex -0.286205 -0.422121 4.5
    endloop
  endfacet
  facet normal -0.0571236 -0.0672511 0.996099
    outer loop
      vertex -0.410591 -0.388932 4.49511
      vertex -0.317383 -0.468104 4.49511
      vertex -0.286205 -0.422121 4.5
    endloop
  endfacet
  facet normal -0.0413311 -0.0779587 0.996099
    outer loop
      vertex -0.286205 -0.422121 4.5
      vertex -0.317383 -0.468104 4.49511
      vertex -0.18877 -0.473778 4.5
    endloop
  endfacet
  facet normal -0.0413311 -0.0779587 0.996099
    outer loop
      vertex -0.317383 -0.468104 4.49511
      vertex -0.209334 -0.525388 4.49511
      vertex -0.18877 -0.473778 4.5
    endloop
  endfacet
  facet normal -0.0236059 -0.085021 0.996099
    outer loop
      vertex -0.18877 -0.473778 4.5
      vertex -0.209334 -0.525388 4.49511
      vertex -0.0825088 -0.503282 4.5
    endloop
  endfacet
  facet normal -0.0236059 -0.085021 0.996099
    outer loop
      vertex -0.209334 -0.525388 4.49511
      vertex -0.0914967 -0.558105 4.49511
      vertex -0.0825088 -0.503282 4.5
    endloop
  endfacet
  facet normal -0.00477707 -0.0881078 0.996099
    outer loop
      vertex -0.0825088 -0.503282 4.5
      vertex -0.0914967 -0.558105 4.49511
      vertex 0.0276108 -0.509252 4.5
    endloop
  endfacet
  facet normal -0.00477708 -0.0881078 0.996099
    outer loop
      vertex -0.0914967 -0.558105 4.49511
      vertex 0.0306186 -0.564726 4.49511
      vertex 0.0276108 -0.509252 4.5
    endloop
  endfacet
  facet normal 0.0142752 -0.0870748 0.996099
    outer loop
      vertex 0.0276108 -0.509252 4.5
      vertex 0.0306186 -0.564726 4.49511
      vertex 0.136439 -0.49141 4.5
    endloop
  endfacet
  facet normal 0.0142752 -0.0870748 0.996099
    outer loop
      vertex 0.0306186 -0.564726 4.49511
      vertex 0.151302 -0.544941 4.49511
      vertex 0.136439 -0.49141 4.5
    endloop
  endfacet
  facet normal 0.03266 -0.0819703 0.996099
    outer loop
      vertex 0.136439 -0.49141 4.5
      vertex 0.151302 -0.544941 4.49511
      vertex 0.238888 -0.450591 4.5
    endloop
  endfacet
  facet normal 0.03266 -0.0819703 0.996099
    outer loop
      vertex 0.151302 -0.544941 4.49511
      vertex 0.264911 -0.499675 4.49511
      vertex 0.238888 -0.450591 4.5
    endloop
  endfacet
  facet normal 0.0495176 -0.073033 0.996099
    outer loop
      vertex 0.238888 -0.450591 4.5
      vertex 0.264911 -0.499675 4.49511
      vertex 0.330167 -0.388703 4.5
    endloop
  endfacet
  facet normal 0.0495176 -0.073033 0.996099
    outer loop
      vertex 0.264911 -0.499675 4.49511
      vertex 0.366133 -0.431045 4.49511
      vertex 0.330167 -0.388703 4.5
    endloop
  endfacet
  facet normal 0.0640599 -0.0606807 0.996099
    outer loop
      vertex 0.330167 -0.388703 4.5
      vertex 0.366133 -0.431045 4.49511
      vertex 0.406007 -0.308639 4.5
    endloop
  endfacet
  facet normal 0.0640598 -0.0606807 0.996099
    outer loop
      vertex 0.366133 -0.431045 4.49511
      vertex 0.450235 -0.34226 4.49511
      vertex 0.406007 -0.308639 4.5
    endloop
  endfacet
  facet normal 0.0756067 -0.045491 0.996099
    outer loop
      vertex 0.406007 -0.308639 4.5
      vertex 0.450235 -0.34226 4.49511
      vertex 0.462863 -0.214143 4.5
    endloop
  endfacet
  facet normal 0.0756067 -0.045491 0.996099
    outer loop
      vertex 0.450235 -0.34226 4.49511
      vertex 0.513284 -0.237471 4.49511
      vertex 0.462863 -0.214143 4.5
    endloop
  endfacet
  facet normal 0.0836183 -0.0281743 0.996099
    outer loop
      vertex 0.462863 -0.214143 4.5
      vertex 0.513284 -0.237471 4.49511
      vertex 0.498076 -0.109635 4.5
    endloop
  endfacet
  facet normal 0.0836183 -0.0281743 0.996099
    outer loop
      vertex 0.513284 -0.237471 4.49511
      vertex 0.552333 -0.121578 4.49511
      vertex 0.498076 -0.109635 4.5
    endloop
  endfacet
  facet normal 0.08772 -0.00954014 0.996099
    outer loop
      vertex 0.498076 -0.109635 4.5
      vertex 0.552333 -0.121578 4.49511
      vertex 0.51 0 4.5
    endloop
  endfacet
  facet normal 0.08772 -0.00954011 0.996099
    outer loop
      vertex 0.552333 -0.121578 4.49511
      vertex 0.565556 0 4.49511
      vertex 0.51 0 4.5
    endloop
  endfacet
  facet normal 0.08772 0.00954014 0.996099
    outer loop
      vertex 0.51 0 4.5
      vertex 0.565556 0 4.49511
      vertex 0.498076 0.109635 4.5
    endloop
  endfacet
  facet normal 0.08772 0.00954011 0.996099
    outer loop
      vertex 0.565556 0 4.49511
      vertex 0.552333 0.121578 4.49511
      vertex 0.498076 0.109635 4.5
    endloop
  endfacet
  facet normal -1.32003e-15 -1.94691e-15 -1
    outer loop
      vertex 0.238888 0.450591 -4.91946e-16
      vertex 0.330167 0.388703 -4.91946e-16
      vertex 0.221429 0.209748 0
    endloop
  endfacet
  facet normal -1.76798e-15 -1.67472e-15 -1
    outer loop
      vertex 0.330167 0.388703 -4.91946e-16
      vertex 0.406007 0.308639 -4.91946e-16
      vertex 0.221429 0.209748 0
    endloop
  endfacet
  facet normal -1.89389e-15 -1.4397e-15 -1
    outer loop
      vertex 0.221429 0.209748 0
      vertex 0.406007 0.308639 -4.91946e-16
      vertex 0.261341 0.157244 0
    endloop
  endfacet
  facet normal -2.08666e-15 -1.2555e-15 -1
    outer loop
      vertex 0.406007 0.308639 -4.91946e-16
      vertex 0.462863 0.214143 -4.91946e-16
      vertex 0.261341 0.157244 0
    endloop
  endfacet
  facet normal -2.15911e-15 -9.98911e-16 -1
    outer loop
      vertex 0.261341 0.157244 0
      vertex 0.462863 0.214143 -4.91946e-16
      vertex 0.289034 0.097387 0
    endloop
  endfacet
  facet normal -2.30777e-15 -7.77579e-16 -1
    outer loop
      vertex 0.462863 0.214143 -4.91946e-16
      vertex 0.498076 0.109635 -4.91946e-16
      vertex 0.289034 0.097387 0
    endloop
  endfacet
  facet normal -1.63436e-15 -1.92412e-15 -1
    outer loop
      vertex 0.221429 0.209748 0
      vertex 0.171162 0.252445 0
      vertex 0.238888 0.450591 -4.91946e-16
    endloop
  endfacet
  facet normal -1.11434e-15 -2.10186e-15 -1
    outer loop
      vertex 0.171162 0.252445 0
      vertex 0.112892 0.283338 0
      vertex 0.238888 0.450591 -4.91946e-16
    endloop
  endfacet
  facet normal -9.01379e-16 -2.26229e-15 -1
    outer loop
      vertex 0.238888 0.450591 -4.91946e-16
      vertex 0.112892 0.283338 0
      vertex 0.136439 0.49141 -4.91946e-16
    endloop
  endfacet
  facet normal -6.36446e-16 -2.29227e-15 -1
    outer loop
      vertex 0.112892 0.283338 0
      vertex 0.0493435 0.300982 0
      vertex 0.136439 0.49141 -4.91946e-16
    endloop
  endfacet
  facet normal -3.93979e-16 -2.40317e-15 -1
    outer loop
      vertex 0.136439 0.49141 -4.91946e-16
      vertex 0.0493435 0.300982 0
      vertex 0.0276108 0.509252 -4.91946e-16
    endloop
  endfacet
  facet normal -1.28796e-16 -2.3755e-15 -1
    outer loop
      vertex 0.0493435 0.300982 0
      vertex -0.0165124 0.304553 0
      vertex 0.0276108 0.509252 -4.91946e-16
    endloop
  endfacet
  facet normal 1.31842e-16 -2.43168e-15 -1
    outer loop
      vertex 0.0276108 0.509252 -4.91946e-16
      vertex -0.0165124 0.304553 0
      vertex -0.0825088 0.503282 -4.91946e-16
    endloop
  endfacet
  facet normal 3.84877e-16 -2.34765e-15 -1
    outer loop
      vertex -0.0165124 0.304553 0
      vertex -0.0815961 0.293883 0
      vertex -0.0825088 0.503282 -4.91946e-16
    endloop
  endfacet
  facet normal 6.51498e-16 -2.34649e-15 -1
    outer loop
      vertex -0.0825088 0.503282 -4.91946e-16
      vertex -0.0815961 0.293883 0
      vertex -0.18877 0.473778 -4.91946e-16
    endloop
  endfacet
  facet normal 8.80554e-16 -2.21002e-15 -1
    outer loop
      vertex -0.0815961 0.293883 0
      vertex -0.142865 0.269471 0
      vertex -0.18877 0.473778 -4.91946e-16
    endloop
  endfacet
  facet normal 1.14069e-15 -2.15157e-15 -1
    outer loop
      vertex -0.18877 0.473778 -4.91946e-16
      vertex -0.142865 0.269471 0
      vertex -0.286205 0.422121 -4.91946e-16
    endloop
  endfacet
  facet normal 1.33506e-15 -1.96906e-15 -1
    outer loop
      vertex -0.142865 0.269471 0
      vertex -0.197453 0.232459 0
      vertex -0.286205 0.422121 -4.91946e-16
    endloop
  endfacet
  facet normal 1.57655e-15 -1.85606e-15 -1
    outer loop
      vertex -0.286205 0.422121 -4.91946e-16
      vertex -0.197453 0.232459 0
      vertex -0.370258 0.350727 -4.91946e-16
    endloop
  endfacet
  facet normal 1.72713e-15 -1.63603e-15 -1
    outer loop
      vertex -0.197453 0.232459 0
      vertex -0.242808 0.184578 0
      vertex -0.370258 0.350727 -4.91946e-16
    endloop
  endfacet
  facet normal 1.93869e-15 -1.47375e-15 -1
    outer loop
      vertex -0.370258 0.350727 -4.91946e-16
      vertex -0.242808 0.184578 0
      vertex -0.436997 0.262932 -4.91946e-16
    endloop
  endfacet
  facet normal 2.03845e-15 -1.2265e-15 -1
    outer loop
      vertex -0.242808 0.184578 0
      vertex -0.276811 0.128066 0
      vertex -0.436997 0.262932 -4.91946e-16
    endloop
  endfacet
  facet normal 2.21017e-15 -1.02253e-15 -1
    outer loop
      vertex -0.436997 0.262932 -4.91946e-16
      vertex -0.276811 0.128066 0
      vertex -0.483303 0.162844 -4.91946e-16
    endloop
  endfacet
  facet normal 2.25445e-15 -7.59614e-16 -1
    outer loop
      vertex -0.276811 0.128066 0
      vertex -0.297869 0.065566 0
      vertex -0.483303 0.162844 -4.91946e-16
    endloop
  endfacet
  facet normal 2.37832e-15 -5.23508e-16 -1
    outer loop
      vertex -0.483303 0.162844 -4.91946e-16
      vertex -0.297869 0.065566 0
      vertex -0.50701 0.0551407 -4.91946e-16
    endloop
  endfacet
  facet normal 2.36504e-15 -2.57213e-16 -1
    outer loop
      vertex -0.297869 0.065566 0
      vertex -0.305 -7.47035e-17 0
      vertex -0.50701 0.0551407 -4.91946e-16
    endloop
  endfacet
  facet normal 2.43525e-15 0 -1
    outer loop
      vertex -0.50701 0.0551407 -4.91946e-16
      vertex -0.305 -7.47035e-17 0
      vertex -0.50701 -0.0551407 -4.91946e-16
    endloop
  endfacet
  facet normal 2.36504e-15 2.57213e-16 -1
    outer loop
      vertex -0.305 -7.47035e-17 0
      vertex -0.297869 -0.065566 0
      vertex -0.50701 -0.0551407 -4.91946e-16
    endloop
  endfacet
  facet normal 2.37832e-15 5.23508e-16 -1
    outer loop
      vertex -0.50701 -0.0551407 -4.91946e-16
      vertex -0.297869 -0.065566 0
      vertex -0.483303 -0.162844 -4.91946e-16
    endloop
  endfacet
  facet normal 2.25445e-15 7.59614e-16 -1
    outer loop
      vertex -0.297869 -0.065566 0
      vertex -0.276811 -0.128066 0
      vertex -0.483303 -0.162844 -4.91946e-16
    endloop
  endfacet
  facet normal 2.21017e-15 1.02253e-15 -1
    outer loop
      vertex -0.483303 -0.162844 -4.91946e-16
      vertex -0.276811 -0.128066 0
      vertex -0.436997 -0.262932 -4.91946e-16
    endloop
  endfacet
  facet normal 2.03845e-15 1.2265e-15 -1
    outer loop
      vertex -0.276811 -0.128066 0
      vertex -0.242808 -0.184578 0
      vertex -0.436997 -0.262932 -4.91946e-16
    endloop
  endfacet
  facet normal 1.93869e-15 1.47375e-15 -1
    outer loop
      vertex -0.436997 -0.262932 -4.91946e-16
      vertex -0.242808 -0.184578 0
      vertex -0.370258 -0.350727 -4.91946e-16
    endloop
  endfacet
  facet normal 1.72713e-15 1.63603e-15 -1
    outer loop
      vertex -0.242808 -0.184578 0
      vertex -0.197453 -0.232459 0
      vertex -0.370258 -0.350727 -4.91946e-16
    endloop
  endfacet
  facet normal 1.57655e-15 1.85606e-15 -1
    outer loop
      vertex -0.370258 -0.350727 -4.91946e-16
      vertex -0.197453 -0.232459 0
      vertex -0.286205 -0.422121 -4.91946e-16
    endloop
  endfacet
  facet normal 1.33506e-15 1.96906e-15 -1
    outer loop
      vertex -0.197453 -0.232459 0
      vertex -0.142865 -0.269471 0
      vertex -0.286205 -0.422121 -4.91946e-16
    endloop
  endfacet
  facet normal 1.14069e-15 2.15157e-15 -1
    outer loop
      vertex -0.286205 -0.422121 -4.91946e-16
      vertex -0.142865 -0.269471 0
      vertex -0.18877 -0.473778 -4.91946e-16
    endloop
  endfacet
  facet normal 8.80554e-16 2.21002e-15 -1
    outer loop
      vertex -0.142865 -0.269471 0
      vertex -0.0815961 -0.293883 0
      vertex -0.18877 -0.473778 -4.91946e-16
    endloop
  endfacet
  facet normal 6.51498e-16 2.34649e-15 -1
    outer loop
      vertex -0.18877 -0.473778 -4.91946e-16
      vertex -0.0815961 -0.293883 0
      vertex -0.0825088 -0.503282 -4.91946e-16
    endloop
  endfacet
  facet normal 3.84877e-16 2.34765e-15 -1
    outer loop
      vertex -0.0815961 -0.293883 0
      vertex -0.0165124 -0.304553 0
      vertex -0.0825088 -0.503282 -4.91946e-16
    endloop
  endfacet
  facet normal 1.31842e-16 2.43168e-15 -1
    outer loop
      vertex -0.0825088 -0.503282 -4.91946e-16
      vertex -0.0165124 -0.304553 0
      vertex 0.0276108 -0.509252 -4.91946e-16
    endloop
  endfacet
  facet normal -1.28796e-16 2.3755e-15 -1
    outer loop
      vertex -0.0165124 -0.304553 0
      vertex 0.0493435 -0.300982 0
      vertex 0.0276108 -0.509252 -4.91946e-16
    endloop
  endfacet
  facet normal -3.93979e-16 2.40317e-15 -1
    outer loop
      vertex 0.0276108 -0.509252 -4.91946e-16
      vertex 0.0493435 -0.300982 0
      vertex 0.136439 -0.49141 -4.91946e-16
    endloop
  endfacet
  facet normal -6.36446e-16 2.29227e-15 -1
    outer loop
      vertex 0.0493435 -0.300982 0
      vertex 0.112892 -0.283338 0
      vertex 0.136439 -0.49141 -4.91946e-16
    endloop
  endfacet
  facet normal -9.01379e-16 2.26229e-15 -1
    outer loop
      vertex 0.136439 -0.49141 -4.91946e-16
      vertex 0.112892 -0.283338 0
      vertex 0.238888 -0.450591 -4.91946e-16
    endloop
  endfacet
  facet normal -1.11434e-15 2.10186e-15 -1
    outer loop
      vertex 0.112892 -0.283338 0
      vertex 0.171162 -0.252445 0
      vertex 0.238888 -0.450591 -4.91946e-16
    endloop
  endfacet
  facet normal -1.36663e-15 2.01563e-15 -1
    outer loop
      vertex 0.238888 -0.450591 -4.91946e-16
      vertex 0.171162 -0.252445 0
      vertex 0.330167 -0.388703 -4.91946e-16
    endloop
  endfacet
  facet normal -1.54012e-15 1.81317e-15 -1
    outer loop
      vertex 0.171162 -0.252445 0
      vertex 0.221429 -0.209748 0
      vertex 0.330167 -0.388703 -4.91946e-16
    endloop
  endfacet
  facet normal -1.76798e-15 1.67472e-15 -1
    outer loop
      vertex 0.330167 -0.388703 -4.91946e-16
      vertex 0.221429 -0.209748 0
      vertex 0.406007 -0.308639 -4.91946e-16
    endloop
  endfacet
  facet normal -1.89389e-15 1.4397e-15 -1
    outer loop
      vertex 0.221429 -0.209748 0
      vertex 0.261341 -0.157244 0
      vertex 0.406007 -0.308639 -4.91946e-16
    endloop
  endfacet
  facet normal -2.08666e-15 1.2555e-15 -1
    outer loop
      vertex 0.406007 -0.308639 -4.91946e-16
      vertex 0.261341 -0.157244 0
      vertex 0.462863 -0.214143 -4.91946e-16
    endloop
  endfacet
  facet normal -2.15911e-15 9.98911e-16 -1
    outer loop
      vertex 0.261341 -0.157244 0
      vertex 0.289034 -0.097387 0
      vertex 0.462863 -0.214143 -4.91946e-16
    endloop
  endfacet
  facet normal -2.30777e-15 7.77579e-16 -1
    outer loop
      vertex 0.462863 -0.214143 -4.91946e-16
      vertex 0.289034 -0.097387 0
      vertex 0.498076 -0.109635 -4.91946e-16
    endloop
  endfacet
  facet normal -2.32337e-15 5.11412e-16 -1
    outer loop
      vertex 0.289034 -0.097387 0
      vertex 0.303212 -0.0329763 0
      vertex 0.498076 -0.109635 -4.91946e-16
    endloop
  endfacet
  facet normal -2.42097e-15 2.63297e-16 -1
    outer loop
      vertex 0.498076 -0.109635 -4.91946e-16
      vertex 0.303212 -0.0329763 0
      vertex 0.51 0 -4.91946e-16
    endloop
  endfacet
  facet normal -2.39974e-15 1.30109e-16 -1
    outer loop
      vertex 0.303212 -0.0329763 0
      vertex 0.305 1.12055e-16 0
      vertex 0.51 0 -4.91946e-16
    endloop
  endfacet
  facet normal -2.39974e-15 -2.60987e-16 -1
    outer loop
      vertex 0.51 0 -4.91946e-16
      vertex 0.305 1.12055e-16 0
      vertex 0.498076 0.109635 -4.91946e-16
    endloop
  endfacet
  facet normal -2.47183e-15 -1.34018e-16 -1
    outer loop
      vertex 0.305 1.12055e-16 0
      vertex 0.303212 0.0329763 0
      vertex 0.498076 0.109635 -4.91946e-16
    endloop
  endfacet
  facet normal -2.32337e-15 -5.11412e-16 -1
    outer loop
      vertex 0.498076 0.109635 -4.91946e-16
      vertex 0.303212 0.0329763 0
      vertex 0.289034 0.097387 0
    endloop
  endfacet
  facet normal 0 0 1
    outer loop
      vertex -0.436997 0.262932 3.89
      vertex -0.483303 0.162844 3.89
      vertex -0.297869 0.065566 3.89
    endloop
  endfacet
  facet normal 0 0 1
    outer loop
      vertex -0.483303 0.162844 3.89
      vertex -0.50701 0.0551407 3.89
      vertex -0.297869 0.065566 3.89
    endloop
  endfacet
  facet normal 0 0 1
    outer loop
      vertex -0.297869 0.065566 3.89
      vertex -0.50701 0.0551407 3.89
      vertex -0.305 0 3.89
    endloop
  endfacet
  facet normal 0 0 1
    outer loop
      vertex -0.50701 0.0551407 3.89
      vertex -0.50701 -0.0551407 3.89
      vertex -0.305 0 3.89
    endloop
  endfacet
  facet normal 0 0 1
    outer loop
      vertex -0.305 0 3.89
      vertex -0.50701 -0.0551407 3.89
      vertex -0.297869 -0.065566 3.89
    endloop
  endfacet
  facet normal 0 0 1
    outer loop
      vertex -0.50701 -0.0551407 3.89
      vertex -0.483303 -0.162844 3.89
      vertex -0.297869 -0.065566 3.89
    endloop
  endfacet
  facet normal 0 0 1
    outer loop
      vertex -0.297869 -0.065566 3.89
      vertex -0.483303 -0.162844 3.89
      vertex -0.276811 -0.128066 3.89
    endloop
  endfacet
  facet normal 0 0 1
    outer loop
      vertex -0.483303 -0.162844 3.89
      vertex -0.436997 -0.262932 3.89
      vertex -0.276811 -0.128066 3.89
    endloop
  endfacet
  facet normal 0 0 1
    outer loop
      vertex -0.276811 -0.128066 3.89
      vertex -0.436997 -0.262932 3.89
      vertex -0.242808 -0.184578 3.89
    endloop
  endfacet
  facet normal 0 0 1
    outer loop
      vertex -0.436997 -0.262932 3.89
      vertex -0.370258 -0.350727 3.89
      vertex -0.242808 -0.184578 3.89
    endloop
  endfacet
  facet normal 0 0 1
    outer loop
      vertex -0.242808 -0.184578 3.89
      vertex -0.370258 -0.350727 3.89
      vertex -0.197453 -0.232459 3.89
    endloop
  endfacet
  facet normal 0 0 1
    outer loop
      vertex -0.197453 -0.232459 3.89
      vertex -0.370258 -0.350727 3.89
      vertex -0.142865 -0.269471 3.89
    endloop
  endfacet
  facet normal 0 0 1
    outer loop
      vertex -0.370258 -0.350727 3.89
      vertex -0.286205 -0.422121 3.89
      vertex -0.142865 -0.269471 3.89
    endloop
  endfacet
  facet normal 0 0 1
    outer loop
      vertex -0.142865 -0.269471 3.89
      vertex -0.286205 -0.422121 3.89
      vertex -0.0815961 -0.293883 3.89
    endloop
  endfacet
  facet normal 0 0 1
    outer loop
      vertex -0.286205 -0.422121 3.89
      vertex -0.18877 -0.473778 3.89
      vertex -0.0815961 -0.293883 3.89
    endloop
  endfacet
  facet normal 0 0 1
    outer loop
      vertex -0.0815961 -0.293883 3.89
      vertex -0.18877 -0.473778 3.89
      vertex -0.0165124 -0.304553 3.89
    endloop
  endfacet
  facet normal 0 0 1
    outer loop
      vertex -0.18877 -0.473778 3.89
      vertex -0.0825088 -0.503282 3.89
      vertex -0.0165124 -0.304553 3.89
    endloop
  endfacet
  facet normal 0 0 1
    outer loop
      vertex -0.0165124 -0.304553 3.89
      vertex -0.0825088 -0.503282 3.89
      vertex 0.0493435 -0.300982 3.89
    endloop
  endfacet
  facet normal 0 0 1
    outer loop
      vertex -0.0825088 -0.503282 3.89
      vertex 0.0276108 -0.509252 3.89
      vertex 0.0493435 -0.300982 3.89
    endloop
  endfacet
  facet normal 0 0 1
    outer loop
      vertex 0.0493435 -0.300982 3.89
      vertex 0.0276108 -0.509252 3.89
      vertex 0.112892 -0.283338 3.89
    endloop
  endfacet
  facet normal 0 0 1
    outer loop
      vertex 0.0276108 -0.509252 3.89
      vertex 0.136439 -0.49141 3.89
      vertex 0.112892 -0.283338 3.89
    endloop
  endfacet
  facet normal 0 0 1
    outer loop
      vertex 0.112892 -0.283338 3.89
      vertex 0.136439 -0.49141 3.89
      vertex 0.171162 -0.252445 3.89
    endloop
  endfacet
  facet normal 0 0 1
    outer loop
      vertex 0.136439 -0.49141 3.89
      vertex 0.238888 -0.450591 3.89
      vertex 0.171162 -0.252445 3.89
    endloop
  endfacet
  facet normal 0 0 1
    outer loop
      vertex 0.171162 -0.252445 3.89
      vertex 0.238888 -0.450591 3.89
      vertex 0.221429 -0.209748 3.89
    endloop
  endfacet
  facet normal 0 0 1
    outer loop
      vertex -0.297869 0.065566 3.89
      vertex -0.276811 0.128066 3.89
      vertex -0.436997 0.262932 3.89
    endloop
  endfacet
  facet normal 0 0 1
    outer loop
      vertex -0.276811 0.128066 3.89
      vertex -0.242808 0.184578 3.89
      vertex -0.436997 0.262932 3.89
    endloop
  endfacet
  facet normal 0 0 1
    outer loop
      vertex -0.436997 0.262932 3.89
      vertex -0.242808 0.184578 3.89
      vertex -0.370258 0.350727 3.89
    endloop
  endfacet
  facet normal 0 0 1
    outer loop
      vertex -0.242808 0.184578 3.89
      vertex -0.197453 0.232459 3.89
      vertex -0.370258 0.350727 3.89
    endloop
  endfacet
  facet normal 0 0 1
    outer loop
      vertex -0.370258 0.350727 3.89
      vertex -0.197453 0.232459 3.89
      vertex -0.286205 0.422121 3.89
    endloop
  endfacet
  facet normal 0 0 1
    outer loop
      vertex 0.498076 0.109635 3.89
      vertex 0.462863 0.214143 3.89
      vertex 0.261341 0.157244 3.89
    endloop
  endfacet
  facet normal 0 0 1
    outer loop
      vertex 0.462863 0.214143 3.89
      vertex 0.406007 0.308639 3.89
      vertex 0.261341 0.157244 3.89
    endloop
  endfacet
  facet normal 0 0 1
    outer loop
      vertex 0.261341 0.157244 3.89
      vertex 0.406007 0.308639 3.89
      vertex 0.221429 0.209748 3.89
    endloop
  endfacet
  facet normal 0 0 1
    outer loop
      vertex 0.406007 0.308639 3.89
      vertex 0.330167 0.388703 3.89
      vertex 0.221429 0.209748 3.89
    endloop
  endfacet
  facet normal 0 0 1
    outer loop
      vertex 0.221429 0.209748 3.89
      vertex 0.330167 0.388703 3.89
      vertex 0.171162 0.252445 3.89
    endloop
  endfacet
  facet normal 0 0 1
    outer loop
      vertex 0.330167 0.388703 3.89
      vertex 0.238888 0.450591 3.89
      vertex 0.171162 0.252445 3.89
    endloop
  endfacet
  facet normal 0 0 1
    outer loop
      vertex 0.261341 0.157244 3.89
      vertex 0.289034 0.097387 3.89
      vertex 0.498076 0.109635 3.89
    endloop
  endfacet
  facet normal 0 0 1
    outer loop
      vertex 0.289034 0.097387 3.89
      vertex 0.303212 0.0329763 3.89
      vertex 0.498076 0.109635 3.89
    endloop
  endfacet
  facet normal 0 0 1
    outer loop
      vertex 0.498076 0.109635 3.89
      vertex 0.303212 0.0329763 3.89
      vertex 0.51 0 3.89
    endloop
  endfacet
  facet normal 0 0 1
    outer loop
      vertex 0.303212 0.0329763 3.89
      vertex 0.303212 -0.0329763 3.89
      vertex 0.51 0 3.89
    endloop
  endfacet
  facet normal 0 0 1
    outer loop
      vertex 0.51 0 3.89
      vertex 0.303212 -0.0329763 3.89
      vertex 0.498076 -0.109635 3.89
    endloop
  endfacet
  facet normal 0 0 1
    outer loop
      vertex 0.303212 -0.0329763 3.89
      vertex 0.289034 -0.097387 3.89
      vertex 0.498076 -0.109635 3.89
    endloop
  endfacet
  facet normal 0 0 1
    outer loop
      vertex 0.498076 -0.109635 3.89
      vertex 0.289034 -0.097387 3.89
      vertex 0.462863 -0.214143 3.89
    endloop
  endfacet
  facet normal 0 0 1
    outer loop
      vertex 0.289034 -0.097387 3.89
      vertex 0.261341 -0.157244 3.89
      vertex 0.462863 -0.214143 3.89
    endloop
  endfacet
  facet normal 0 0 1
    outer loop
      vertex 0.462863 -0.214143 3.89
      vertex 0.261341 -0.157244 3.89
      vertex 0.406007 -0.308639 3.89
    endloop
  endfacet
  facet normal 0 0 1
    outer loop
      vertex 0.261341 -0.157244 3.89
      vertex 0.221429 -0.209748 3.89
      vertex 0.406007 -0.308639 3.89
    endloop
  endfacet
  facet normal 0 0 1
    outer loop
      vertex 0.406007 -0.308639 3.89
      vertex 0.221429 -0.209748 3.89
      vertex 0.330167 -0.388703 3.89
    endloop
  endfacet
  facet normal 0 0 1
    outer loop
      vertex 0.221429 -0.209748 3.89
      vertex 0.238888 -0.450591 3.89
      vertex 0.330167 -0.388703 3.89
    endloop
  endfacet
  facet normal 0 0 1
    outer loop
      vertex -0.286205 0.422121 3.89
      vertex -0.197453 0.232459 3.89
      vertex -0.18877 0.473778 3.89
    endloop
  endfacet
  facet normal 0 0 1
    outer loop
      vertex -0.197453 0.232459 3.89
      vertex -0.142865 0.269471 3.89
      vertex -0.18877 0.473778 3.89
    endloop
  endfacet
  facet normal 0 0 1
    outer loop
      vertex -0.18877 0.473778 3.89
      vertex -0.142865 0.269471 3.89
      vertex -0.0825088 0.503282 3.89
    endloop
  endfacet
  facet normal 0 0 1
    outer loop
      vertex -0.142865 0.269471 3.89
      vertex -0.0815961 0.293883 3.89
      vertex -0.0825088 0.503282 3.89
    endloop
  endfacet
  facet normal 0 0 1
    outer loop
      vertex -0.0825088 0.503282 3.89
      vertex -0.0815961 0.293883 3.89
      vertex 0.0276108 0.509252 3.89
    endloop
  endfacet
  facet normal 0 0 1
    outer loop
      vertex -0.0815961 0.293883 3.89
      vertex -0.0165124 0.304553 3.89
      vertex 0.0276108 0.509252 3.89
    endloop
  endfacet
  facet normal 0 0 1
    outer loop
      vertex 0.0276108 0.509252 3.89
      vertex -0.0165124 0.304553 3.89
      vertex 0.136439 0.49141 3.89
    endloop
  endfacet
  facet normal 0 0 1
    outer loop
      vertex -0.0165124 0.304553 3.89
      vertex 0.0493435 0.300982 3.89
      vertex 0.136439 0.49141 3.89
    endloop
  endfacet
  facet normal 0 0 1
    outer loop
      vertex 0.136439 0.49141 3.89
      vertex 0.0493435 0.300982 3.89
      vertex 0.238888 0.450591 3.89
    endloop
  endfacet
  facet normal 0 0 1
    outer loop
      vertex 0.0493435 0.300982 3.89
      vertex 0.112892 0.283338 3.89
      vertex 0.238888 0.450591 3.89
    endloop
  endfacet
  facet normal 0 0 1
    outer loop
      vertex 0.238888 0.450591 3.89
      vertex 0.112892 0.283338 3.89
      vertex 0.171162 0.252445 3.89
    endloop
  endfacet
  facet normal -0.994138 -0.108119 0
    outer loop
      vertex 0.51 0 3.89
      vertex 0.51 0 4.5
      vertex 0.498076 0.109635 3.89
    endloop
  endfacet
  facet normal -0.994138 -0.108119 0
    outer loop
      vertex 0.51 0 4.5
      vertex 0.498076 0.109635 4.5
      vertex 0.498076 0.109635 3.89
    endloop
  endfacet
  facet normal -0.947653 -0.319302 0
    outer loop
      vertex 0.498076 0.109635 3.89
      vertex 0.498076 0.109635 4.5
      vertex 0.462863 0.214143 3.89
    endloop
  endfacet
  facet normal -0.947653 -0.319302 0
    outer loop
      vertex 0.498076 0.109635 4.5
      vertex 0.462863 0.214143 4.5
      vertex 0.462863 0.214143 3.89
    endloop
  endfacet
  facet normal -0.856857 -0.515554 0
    outer loop
      vertex 0.462863 0.214143 3.89
      vertex 0.462863 0.214143 4.5
      vertex 0.406007 0.308639 3.89
    endloop
  endfacet
  facet normal -0.856857 -0.515554 0
    outer loop
      vertex 0.462863 0.214143 4.5
      vertex 0.406007 0.308639 4.5
      vertex 0.406007 0.308639 3.89
    endloop
  endfacet
  facet normal -0.725995 -0.687699 0
    outer loop
      vertex 0.406007 0.308639 3.89
      vertex 0.406007 0.308639 4.5
      vertex 0.330167 0.388703 3.89
    endloop
  endfacet
  facet normal -0.725995 -0.687699 0
    outer loop
      vertex 0.406007 0.308639 4.5
      vertex 0.330167 0.388703 4.5
      vertex 0.330167 0.388703 3.89
    endloop
  endfacet
  facet normal -0.561187 -0.827689 0
    outer loop
      vertex 0.330167 0.388703 3.89
      vertex 0.330167 0.388703 4.5
      vertex 0.238888 0.450591 3.89
    endloop
  endfacet
  facet normal -0.561187 -0.827689 0
    outer loop
      vertex 0.330167 0.388703 4.5
      vertex 0.238888 0.450591 4.5
      vertex 0.238888 0.450591 3.89
    endloop
  endfacet
  facet normal -0.370138 -0.928977 0
    outer loop
      vertex 0.238888 0.450591 3.89
      vertex 0.238888 0.450591 4.5
      vertex 0.136439 0.49141 3.89
    endloop
  endfacet
  facet normal -0.370138 -0.928977 0
    outer loop
      vertex 0.238888 0.450591 4.5
      vertex 0.136439 0.49141 4.5
      vertex 0.136439 0.49141 3.89
    endloop
  endfacet
  facet normal -0.161782 -0.986827 0
    outer loop
      vertex 0.136439 0.49141 3.89
      vertex 0.136439 0.49141 4.5
      vertex 0.0276108 0.509252 3.89
    endloop
  endfacet
  facet normal -0.161782 -0.986827 0
    outer loop
      vertex 0.136439 0.49141 4.5
      vertex 0.0276108 0.509252 4.5
      vertex 0.0276108 0.509252 3.89
    endloop
  endfacet
  facet normal 0.054139 -0.998533 0
    outer loop
      vertex 0.0276108 0.509252 3.89
      vertex 0.0276108 0.509252 4.5
      vertex -0.0825088 0.503282 3.89
    endloop
  endfacet
  facet normal 0.054139 -0.998533 0
    outer loop
      vertex 0.0276108 0.509252 4.5
      vertex -0.0825088 0.503282 4.5
      vertex -0.0825088 0.503282 3.89
    endloop
  endfacet
  facet normal 0.267528 -0.96355 0
    outer loop
      vertex -0.0825088 0.503282 3.89
      vertex -0.0825088 0.503282 4.5
      vertex -0.18877 0.473778 3.89
    endloop
  endfacet
  facet normal 0.267528 -0.96355 0
    outer loop
      vertex -0.0825088 0.503282 4.5
      vertex -0.18877 0.473778 4.5
      vertex -0.18877 0.473778 3.89
    endloop
  endfacet
  facet normal 0.468408 -0.883512 0
    outer loop
      vertex -0.18877 0.473778 3.89
      vertex -0.18877 0.473778 4.5
      vertex -0.286205 0.422121 3.89
    endloop
  endfacet
  facet normal 0.468408 -0.883512 0
    outer loop
      vertex -0.18877 0.473778 4.5
      vertex -0.286205 0.422121 4.5
      vertex -0.286205 0.422121 3.89
    endloop
  endfacet
  facet normal 0.647386 -0.762162 0
    outer loop
      vertex -0.286205 0.422121 3.89
      vertex -0.286205 0.422121 4.5
      vertex -0.370258 0.350727 3.89
    endloop
  endfacet
  facet normal 0.647386 -0.762162 0
    outer loop
      vertex -0.286205 0.422121 4.5
      vertex -0.370258 0.350727 4.5
      vertex -0.370258 0.350727 3.89
    endloop
  endfacet
  facet normal 0.796093 -0.605174 0
    outer loop
      vertex -0.370258 0.350727 3.89
      vertex -0.370258 0.350727 4.5
      vertex -0.436997 0.262932 3.89
    endloop
  endfacet
  facet normal 0.796093 -0.605174 0
    outer loop
      vertex -0.370258 0.350727 4.5
      vertex -0.436997 0.262932 4.5
      vertex -0.436997 0.262932 3.89
    endloop
  endfacet
  facet normal 0.907576 -0.419889 0
    outer loop
      vertex -0.436997 0.262932 3.89
      vertex -0.436997 0.262932 4.5
      vertex -0.483303 0.162844 3.89
    endloop
  endfacet
  facet normal 0.907576 -0.419889 0
    outer loop
      vertex -0.436997 0.262932 4.5
      vertex -0.483303 0.162844 4.5
      vertex -0.483303 0.162844 3.89
    endloop
  endfacet
  facet normal 0.97662 -0.214971 0
    outer loop
      vertex -0.483303 0.162844 3.89
      vertex -0.483303 0.162844 4.5
      vertex -0.50701 0.0551407 3.89
    endloop
  endfacet
  facet normal 0.97662 -0.214971 0
    outer loop
      vertex -0.483303 0.162844 4.5
      vertex -0.50701 0.0551407 4.5
      vertex -0.50701 0.0551407 3.89
    endloop
  endfacet
  facet normal 1 0 0
    outer loop
      vertex -0.50701 0.0551407 3.89
      vertex -0.50701 0.0551407 4.5
      vertex -0.50701 -0.0551407 3.89
    endloop
  endfacet
  facet normal 1 0 0
    outer loop
      vertex -0.50701 0.0551407 4.5
      vertex -0.50701 -0.0551407 4.5
      vertex -0.50701 -0.0551407 3.89
    endloop
  endfacet
  facet normal 0.97662 0.214971 0
    outer loop
      vertex -0.50701 -0.0551407 3.89
      vertex -0.50701 -0.0551407 4.5
      vertex -0.483303 -0.162844 3.89
    endloop
  endfacet
  facet normal 0.97662 0.214971 0
    outer loop
      vertex -0.50701 -0.0551407 4.5
      vertex -0.483303 -0.162844 4.5
      vertex -0.483303 -0.162844 3.89
    endloop
  endfacet
  facet normal 0.907576 0.419889 0
    outer loop
      vertex -0.483303 -0.162844 3.89
      vertex -0.483303 -0.162844 4.5
      vertex -0.436997 -0.262932 3.89
    endloop
  endfacet
  facet normal 0.907576 0.419889 0
    outer loop
      vertex -0.483303 -0.162844 4.5
      vertex -0.436997 -0.262932 4.5
      vertex -0.436997 -0.262932 3.89
    endloop
  endfacet
  facet normal 0.796093 0.605174 0
    outer loop
      vertex -0.436997 -0.262932 3.89
      vertex -0.436997 -0.262932 4.5
      vertex -0.370258 -0.350727 3.89
    endloop
  endfacet
  facet normal 0.796093 0.605174 0
    outer loop
      vertex -0.436997 -0.262932 4.5
      vertex -0.370258 -0.350727 4.5
      vertex -0.370258 -0.350727 3.89
    endloop
  endfacet
  facet normal 0.647386 0.762162 0
    outer loop
      vertex -0.370258 -0.350727 3.89
      vertex -0.370258 -0.350727 4.5
      vertex -0.286205 -0.422121 3.89
    endloop
  endfacet
  facet normal 0.647386 0.762162 0
    outer loop
      vertex -0.370258 -0.350727 4.5
      vertex -0.286205 -0.422121 4.5
      vertex -0.286205 -0.422121 3.89
    endloop
  endfacet
  facet normal 0.468408 0.883512 0
    outer loop
      vertex -0.286205 -0.422121 3.89
      vertex -0.286205 -0.422121 4.5
      vertex -0.18877 -0.473778 3.89
    endloop
  endfacet
  facet normal 0.468408 0.883512 0
    outer loop
      vertex -0.286205 -0.422121 4.5
      vertex -0.18877 -0.473778 4.5
      vertex -0.18877 -0.473778 3.89
    endloop
  endfacet
  facet normal 0.267528 0.96355 0
    outer loop
      vertex -0.18877 -0.473778 3.89
      vertex -0.18877 -0.473778 4.5
      vertex -0.0825088 -0.503282 3.89
    endloop
  endfacet
  facet normal 0.267528 0.96355 0
    outer loop
      vertex -0.18877 -0.473778 4.5
      vertex -0.0825088 -0.503282 4.5
      vertex -0.0825088 -0.503282 3.89
    endloop
  endfacet
  facet normal 0.054139 0.998533 0
    outer loop
      vertex -0.0825088 -0.503282 3.89
      vertex -0.0825088 -0.503282 4.5
      vertex 0.0276108 -0.509252 3.89
    endloop
  endfacet
  facet normal 0.054139 0.998533 0
    outer loop
      vertex -0.0825088 -0.503282 4.5
      vertex 0.0276108 -0.509252 4.5
      vertex 0.0276108 -0.509252 3.89
    endloop
  endfacet
  facet normal -0.161782 0.986827 0
    outer loop
      vertex 0.0276108 -0.509252 3.89
      vertex 0.0276108 -0.509252 4.5
      vertex 0.136439 -0.49141 3.89
    endloop
  endfacet
  facet normal -0.161782 0.986827 0
    outer loop
      vertex 0.0276108 -0.509252 4.5
      vertex 0.136439 -0.49141 4.5
      vertex 0.136439 -0.49141 3.89
    endloop
  endfacet
  facet normal -0.370138 0.928977 0
    outer loop
      vertex 0.136439 -0.49141 3.89
      vertex 0.136439 -0.49141 4.5
      vertex 0.238888 -0.450591 3.89
    endloop
  endfacet
  facet normal -0.370138 0.928977 0
    outer loop
      vertex 0.136439 -0.49141 4.5
      vertex 0.238888 -0.450591 4.5
      vertex 0.238888 -0.450591 3.89
    endloop
  endfacet
  facet normal -0.561187 0.827689 0
    outer loop
      vertex 0.238888 -0.450591 3.89
      vertex 0.238888 -0.450591 4.5
      vertex 0.330167 -0.388703 3.89
    endloop
  endfacet
  facet normal -0.561187 0.827689 0
    outer loop
      vertex 0.238888 -0.450591 4.5
      vertex 0.330167 -0.388703 4.5
      vertex 0.330167 -0.388703 3.89
    endloop
  endfacet
  facet normal -0.725995 0.687699 0
    outer loop
      vertex 0.330167 -0.388703 3.89
      vertex 0.330167 -0.388703 4.5
      vertex 0.406007 -0.308639 3.89
    endloop
  endfacet
  facet normal -0.725995 0.687699 0
    outer loop
      vertex 0.330167 -0.388703 4.5
      vertex 0.406007 -0.308639 4.5
      vertex 0.406007 -0.308639 3.89
    endloop
  endfacet
  facet normal -0.856857 0.515554 0
    outer loop
      vertex 0.406007 -0.308639 3.89
      vertex 0.406007 -0.308639 4.5
      vertex 0.462863 -0.214143 3.89
    endloop
  endfacet
  facet normal -0.856857 0.515554 0
    outer loop
      vertex 0.406007 -0.308639 4.5
      vertex 0.462863 -0.214143 4.5
      vertex 0.462863 -0.214143 3.89
    endloop
  endfacet
  facet normal -0.947653 0.319302 0
    outer loop
      vertex 0.462863 -0.214143 3.89
      vertex 0.462863 -0.214143 4.5
      vertex 0.498076 -0.109635 3.89
    endloop
  endfacet
  facet normal -0.947653 0.319302 0
    outer loop
      vertex 0.462863 -0.214143 4.5
      vertex 0.498076 -0.109635 4.5
      vertex 0.498076 -0.109635 3.89
    endloop
  endfacet
  facet normal -0.994138 0.108119 0
    outer loop
      vertex 0.498076 -0.109635 3.89
      vertex 0.498076 -0.109635 4.5
      vertex 0.51 0 3.89
    endloop
  endfacet
  facet normal -0.994138 0.108119 0
    outer loop
      vertex 0.498076 -0.109635 4.5
      vertex 0.51 0 4.5
      vertex 0.51 0 3.89
    endloop
  endfacet
endsolid Mesh
